,product_name,link, product_images,price,details
0,PHOTO PRINT SHIRT,https://www.zara.com/in/en/photo-print-shirt-p05881524.html,"[{'https://static.zara.net/photos///2023/I/0/2/p/5881/524/250/2/w/448/5881524250_1_1_1.jpg?ts=1692188872047': 'Image 0 of PHOTO PRINT SHIRT from Zara'}, {'https://static.zara.net/photos///2023/I/0/2/p/5881/524/250/2/w/448/5881524250_2_1_1.jpg?ts=1692188872256': 'Image 1 of PHOTO PRINT SHIRT from Zara'}]","₹ 3,290.00",Relaxed-fit shirt with a collar and long sleeves with buttoned cuffs. Contrast print on the front. Button-up front.
2,CONTRAST PRINT SHIRT,https://www.zara.com/in/en/contrast-print-shirt-p05843524.html,"[{'https://static.zara.net/photos///2023/I/0/2/p/5843/524/800/2/w/448/5843524800_1_1_1.jpg?ts=1692188872499': 'Image 0 of CONTRAST PRINT SHIRT from Zara'}, {'https://static.zara.net/photos///2023/I/0/2/p/5843/524/800/2/w/448/5843524800_2_1_1.jpg?ts=1692188872901': 'Image 1 of CONTRAST PRINT SHIRT from Zara'}]","₹ 3,290.00",Relaxed-fit collared shirt with long sleeves and buttoned cuffs. Button-up front.
4,DENIM SHIRT,https://www.zara.com/in/en/denim-shirt-p01820320.html,"[{'https://static.zara.net/photos///2023/I/0/2/p/1820/320/800/2/w/448/1820320800_1_1_1.jpg?ts=1689760696023': 'Image 0 of DENIM SHIRT from Zara'}, {'https://static.zara.net/photos///2023/I/0/2/p/1820/320/800/2/w/448/1820320800_2_1_1.jpg?ts=1689760699740': 'Image 1 of DENIM SHIRT from Zara'}]","₹ 2,990.00",Collared relaxed fit shirt made of denim. Long sleeves with buttoned cuffs. Chest patch pockets. Faded effect. Button-up front.
5,CREASED-EFFECT SHIRT,https://www.zara.com/in/en/creased-effect-shirt-p05592537.html,"[{'https://static.zara.net/photos///2023/I/0/2/p/5592/537/707/2/w/448/5592537707_1_1_1.jpg?ts=1692804019111': 'Image 0 of CREASED-EFFECT SHIRT from Zara'}, {'https://static.zara.net/photos///2023/I/0/2/p/5592/537/707/2/w/448/5592537707_2_1_1.jpg?ts=1692804019069': 'Image 1 of CREASED-EFFECT SHIRT from Zara'}]","₹ 3,290.00",Relaxed fit shirt made of semi-sheer fabric. Camp collar and short sleeves. Split hem. Button-up front.
6,FLORAL PRINT SHIRT,https://www.zara.com/in/en/floral-print-shirt-p05670112.html,"[{'https://static.zara.net/photos///2023/I/0/2/p/5670/112/800/2/w/448/5670112800_1_1_1.jpg?ts=1688652386451': 'Image 0 of FLORAL PRINT SHIRT from Zara'}, {'https://static.zara.net/photos///2023/I/0/2/p/5670/112/800/2/w/448/5670112800_2_1_1.jpg?ts=1688652389535': 'Image 1 of FLORAL PRINT SHIRT from Zara'}]","₹ 3,290.00",Regular-fit shirt made of satin fabric. Spread collar and short sleeves. Side vents at the hem. Button-up front.
7,LEAF PRINT SHIRT,https://www.zara.com/in/en/leaf-print-shirt-p05671119.html,"[{'https://static.zara.net/photos///2023/I/0/2/p/5671/119/800/2/w/448/5671119800_1_1_1.jpg?ts=1688652390526': 'Image 0 of LEAF PRINT SHIRT from Zara'}, {'https://static.zara.net/photos///2023/I/0/2/p/5671/119/800/2/w/448/5671119800_2_1_1.jpg?ts=1688652387857': 'Image 1 of LEAF PRINT SHIRT from Zara'}]","₹ 3,290.00",Regular fit shirt in a satiny fabric. Camp collar and short sleeves. Split hem. Button-up front.
8,FLORAL PRINT SHIRT,https://www.zara.com/in/en/floral-print-shirt-p05884485.html,"[{'https://static.zara.net/photos///2023/I/0/2/p/5884/485/250/2/w/448/5884485250_1_1_1.jpg?ts=1689938679796': 'Image 0 of FLORAL PRINT SHIRT from Zara'}, {'https://static.zara.net/photos///2023/I/0/2/p/5884/485/250/2/w/448/5884485250_2_1_1.jpg?ts=1689938679973': 'Image 1 of FLORAL PRINT SHIRT from Zara'}]","₹ 3,290.00",Relaxed-fit shirt. Lapel collar and short sleeves. Button-up front.
9,FLORAL PRINT STRETCH SHIRT,https://www.zara.com/in/en/floral-print-stretch-shirt-p07545533.html,"[{'https://static.zara.net/photos///2023/I/0/2/p/7545/533/020/2/w/448/7545533020_1_1_1.jpg?ts=1691142187631': 'Image 0 of FLORAL PRINT STRETCH SHIRT from Zara'}, {'https://static.zara.net/photos///2023/I/0/2/p/7545/533/020/2/w/448/7545533020_2_1_1.jpg?ts=1691142188404': 'Image 1 of FLORAL PRINT STRETCH SHIRT from Zara'}]","₹ 3,290.00",Regular fit shirt made of highly stretchy crease-resistant fabric. Camp collar and short sleeves. Split hem. Button-up front.
10,BANDANA PRINT SHIRT,https://www.zara.com/in/en/bandana-print-shirt-p05591579.html,"[{'https://static.zara.net/photos///2023/I/0/2/p/5591/579/400/2/w/448/5591579400_1_1_1.jpg?ts=1691507790178': 'Image 0 of BANDANA PRINT SHIRT from Zara'}, {'https://static.zara.net/photos///2023/I/0/2/p/5591/579/400/2/w/448/5591579400_2_1_1.jpg?ts=1691507789586': 'Image 1 of BANDANA PRINT SHIRT from Zara'}]","₹ 3,290.00",Relaxed fit shirt in cotton fabric. Camp collar and short sleeves. Split hem. Button-up front.
11,PALM TREE PRINT SHIRT,https://www.zara.com/in/en/palm-tree-print-shirt-p05993597.html,"[{'https://static.zara.net/photos///2023/I/0/2/p/5993/597/251/2/w/448/5993597251_1_1_1.jpg?ts=1691142188704': 'Image 0 of PALM TREE PRINT SHIRT from Zara'}, {'https://static.zara.net/photos///2023/I/0/2/p/5993/597/251/2/w/448/5993597251_2_1_1.jpg?ts=1691142187722': 'Image 1 of PALM TREE PRINT SHIRT from Zara'}]","₹ 3,290.00",Relaxed fit shirt. Camp collar and short sleeves. Button-up front.
15,ABSTRACT PRINT TEXTURED SHIRT,https://www.zara.com/in/en/abstract-print-textured-shirt-p06085377.html,"[{'https://static.zara.net/photos///2023/I/0/2/p/6085/377/330/2/w/448/6085377330_1_1_1.jpg?ts=1691483158225': 'Image 0 of ABSTRACT PRINT TEXTURED SHIRT from Zara'}, {'https://static.zara.net/photos///2023/I/0/2/p/6085/377/330/2/w/448/6085377330_2_1_1.jpg?ts=1691483159938': 'Image 1 of ABSTRACT PRINT TEXTURED SHIRT from Zara'}]","₹ 3,290.00",Relaxed fit short sleeve shirt with a camp collar. Chest patch pocket. Button-up front.
16,LEAF PRINT SHIRT,https://www.zara.com/in/en/leaf-print-shirt-p05916400.html,"[{'https://static.zara.net/photos///2023/I/0/2/p/5916/400/711/2/w/448/5916400711_1_1_1.jpg?ts=1691680455371': 'Image 0 of LEAF PRINT SHIRT from Zara'}, {'https://static.zara.net/photos///2023/I/0/2/p/5916/400/711/2/w/448/5916400711_2_1_1.jpg?ts=1691680455418': 'Image 1 of LEAF PRINT SHIRT from Zara'}]","₹ 3,290.00",Relaxed fit shirt with a camp collar and short sleeves. Split hem and a button-up front.
17,VISCOSE - LINEN SHIRT,https://www.zara.com/in/en/viscose---linen-shirt-p04570410.html,"[{'https://static.zara.net/photos///2023/I/0/2/p/4570/410/800/2/w/448/4570410800_1_1_1.jpg?ts=1688116611763': 'Image 0 of VISCOSE - LINEN SHIRT from Zara'}, {'https://static.zara.net/photos///2023/I/0/2/p/4570/410/800/2/w/448/4570410800_2_1_1.jpg?ts=1688116612142': 'Image 1 of VISCOSE - LINEN SHIRT from Zara'}]","₹ 3,290.00","Relaxed fit shirt made of a viscose and cotton blend. Featuring a camp collar, short sleeves, a split hem and a button-up front."
18,ABSTRACT PRINT SHIRT,https://www.zara.com/in/en/abstract-print-shirt-p05738400.html,"[{'https://static.zara.net/photos///2023/I/0/2/p/5738/400/500/2/w/448/5738400500_1_1_1.jpg?ts=1690360445535': 'Image 0 of ABSTRACT PRINT SHIRT from Zara'}, {'https://static.zara.net/photos///2023/I/0/2/p/5738/400/500/2/w/448/5738400500_2_1_1.jpg?ts=1690360447135': 'Image 1 of ABSTRACT PRINT SHIRT from Zara'}]","₹ 3,290.00",Relaxed fit shirt made of a viscose and linen blend. Camp collar and short sleeves. Chest flap pocket. Button-up front.
21,VISCOSE - LINEN SHIRT,https://www.zara.com/in/en/viscose---linen-shirt-p05679101.html,"[{'https://static.zara.net/photos///2023/I/0/2/p/5679/101/400/2/w/448/5679101400_1_1_1.jpg?ts=1686233133881': 'Image 0 of VISCOSE - LINEN SHIRT from Zara'}, {'https://static.zara.net/photos///2023/I/0/2/p/5679/101/400/2/w/448/5679101400_2_1_1.jpg?ts=1686233134190': 'Image 1 of VISCOSE - LINEN SHIRT from Zara'}]","₹ 3,290.00",Relaxed fit bowling shirt made of a linen and viscose blend. Featuring short sleeves and a button-up front.
25,ABSTRACT PRINT SHIRT,https://www.zara.com/in/en/abstract-print-shirt-p07545105.html,"[{'https://static.zara.net/photos///2023/I/0/2/p/7545/105/021/2/w/448/7545105021_1_1_1.jpg?ts=1691072087403': 'Image 0 of ABSTRACT PRINT SHIRT from Zara'}, {'https://static.zara.net/photos///2023/I/0/2/p/7545/105/021/2/w/448/7545105021_2_1_1.jpg?ts=1691072088112': 'Image 1 of ABSTRACT PRINT SHIRT from Zara'}]","₹ 3,290.00",Relaxed fit shirt made of a modal blend fabric. Camp collar and short sleeves. Chest patch pocket. Button-up front.
26,GEOMETRIC JACQUARD KNIT SHIRT,https://www.zara.com/in/en/geometric-jacquard-knit-shirt-p00794304.html,"[{'https://static.zara.net/photos///2023/I/0/2/p/0794/304/620/2/w/448/0794304620_1_1_1.jpg?ts=1688556016083': 'Image 0 of GEOMETRIC JACQUARD KNIT SHIRT from Zara'}, {'https://static.zara.net/photos///2023/I/0/2/p/0794/304/620/2/w/448/0794304620_2_1_1.jpg?ts=1688556016071': 'Image 1 of GEOMETRIC JACQUARD KNIT SHIRT from Zara'}]","₹ 3,290.00",Relaxed fit knit shirt. Camp collar and short sleeves. Button-up front.
28,ABSTRACT PRINT SHIRT,https://www.zara.com/in/en/abstract-print-shirt-p07545112.html,"[{'https://static.zara.net/photos///2023/I/0/2/p/7545/112/020/2/w/448/7545112020_1_1_1.jpg?ts=1692360154807': 'Image 0 of ABSTRACT PRINT SHIRT from Zara'}, {'https://static.zara.net/photos///2023/I/0/2/p/7545/112/020/2/w/448/7545112020_2_1_1.jpg?ts=1692360154652': 'Image 1 of ABSTRACT PRINT SHIRT from Zara'}]","₹ 3,290.00",Relaxed fit shirt made of a viscose blend fabric. Camp collar and short sleeves. Chest patch pocket. Button-up front.
29,GEOMETRIC PRINT SHIRT,https://www.zara.com/in/en/geometric-print-shirt-p07545340.html,"[{'https://static.zara.net/photos///2023/I/0/2/p/7545/340/707/2/w/448/7545340707_1_1_1.jpg?ts=1689319989921': 'Image 0 of GEOMETRIC PRINT SHIRT from Zara'}, {'https://static.zara.net/photos///2023/I/0/2/p/7545/340/707/2/w/448/7545340707_2_1_1.jpg?ts=1689319990902': 'Image 1 of GEOMETRIC PRINT SHIRT from Zara'}]","₹ 3,290.00",Relaxed fit shirt made of a viscose fabric. Camp collar and short sleeves. Button-up front.
30,ABSTRACT PRINT SHIRT,https://www.zara.com/in/en/abstract-print-shirt-p07545341.html,"[{'https://static.zara.net/photos///2023/I/0/2/p/7545/341/400/2/w/448/7545341400_1_1_1.jpg?ts=1685086116739': 'Image 0 of ABSTRACT PRINT SHIRT from Zara'}, {'https://static.zara.net/photos///2023/I/0/2/p/7545/341/400/2/w/448/7545341400_2_1_1.jpg?ts=1685086116291': 'Image 1 of ABSTRACT PRINT SHIRT from Zara'}]","₹ 3,290.00",Relaxed fit shirt made of a viscose blend fabric. Camp collar. Short sleeves. Button-up front.
32,SHIRT,https://www.zara.com/in/en/shirt-p03268306.html,"[{'https://static.zara.net/photos///2023/I/0/2/p/3268/306/707/2/w/448/3268306707_1_1_1.jpg?ts=1692174425473': 'Image 0 of SHIRT from Zara'}, {'https://static.zara.net/photos///2023/I/0/2/p/3268/306/707/2/w/448/3268306707_2_1_1.jpg?ts=1692174478266': 'Image 1 of SHIRT from Zara'}]","₹ 3,990.00","Relaxed fit shirt made of flowing fabric with a modal blend. Featuring a camp collar, long sleeves and buttoned cuffs.  Side vents at the hem. Button fastening at the front."
33,VISCOSE/LINEN BLEND SHIRT,https://www.zara.com/in/en/viscose-linen-blend-shirt-p05912161.html,"[{'https://static.zara.net/photos///2023/I/0/2/p/5912/161/802/2/w/448/5912161802_1_1_1.jpg?ts=1691680453953': 'Image 0 of VISCOSE/LINEN BLEND SHIRT from Zara'}, {'https://static.zara.net/photos///2023/I/0/2/p/5912/161/802/2/w/448/5912161802_2_1_1.jpg?ts=1691680456311': 'Image 1 of VISCOSE/LINEN BLEND SHIRT from Zara'}]","₹ 3,290.00","Relaxed fit shirt in a linen and viscose blend. Featuring a lapel collar, long sleeves with buttoned cuffs and a button-up front."
37,VISCOSE/LINEN BLEND SHIRT,https://www.zara.com/in/en/viscose-linen-blend-shirt-p01182034.html,"[{'https://static.zara.net/photos///2023/I/0/2/p/1182/034/505/2/w/448/1182034505_1_1_1.jpg?ts=1688729074072': 'Image 0 of VISCOSE/LINEN BLEND SHIRT from Zara'}, {'https://static.zara.net/photos///2023/I/0/2/p/1182/034/505/2/w/448/1182034505_2_1_1.jpg?ts=1688729072804': 'Image 1 of VISCOSE/LINEN BLEND SHIRT from Zara'}]","₹ 3,290.00",Relaxed-fit shirt made of a linen and viscose blend. Camp collar and short sleeves. Back patch pocket. Side vents at the hem. Button-up front.
38,COTTON SHIRT,https://www.zara.com/in/en/cotton-shirt-p07545275.html,"[{'https://static.zara.net/photos///2023/V/0/2/p/7545/275/712/2/w/448/7545275712_1_1_1.jpg?ts=1678983432463': 'Image 0 of COTTON SHIRT from Zara'}, {'https://static.zara.net/photos///2023/V/0/2/p/7545/275/712/2/w/448/7545275712_2_1_1.jpg?ts=1678983426981': 'Image 1 of COTTON SHIRT from Zara'}]","₹ 3,290.00",Relaxed fit collared shirt made of a cotton fabric. Short sleeves. Side vents at the hem. Button-up front.
41,TEXTURED LINEN - COTTON SHIRT,https://www.zara.com/in/en/textured-linen---cotton-shirt-p07545375.html,"[{'https://static.zara.net/photos///2023/I/0/2/p/7545/375/712/2/w/448/7545375712_1_1_1.jpg?ts=1690360447063': 'Image 0 of TEXTURED LINEN - COTTON SHIRT from Zara'}, {'https://static.zara.net/photos///2023/I/0/2/p/7545/375/712/2/w/448/7545375712_2_1_1.jpg?ts=1690360448193': 'Image 1 of TEXTURED LINEN - COTTON SHIRT from Zara'}]","₹ 3,290.00","Relaxed fit shirt made of a linen and cotton blend. Featuring a lapel collar, short sleeves, a chest patch pocket, an asymmetric hem with side vents and a button-up front."
42,100% LINEN SHIRT,https://www.zara.com/in/en/100-linen-shirt-p06359387.html,"[{'https://static.zara.net/photos///2023/I/0/2/p/6359/387/250/2/w/448/6359387250_1_1_1.jpg?ts=1692778805396': 'Image 0 of 100% LINEN SHIRT from Zara'}, {'https://static.zara.net/photos///2023/I/0/2/p/6359/387/250/2/w/448/6359387250_2_1_1.jpg?ts=1692778805737': 'Image 1 of 100% LINEN SHIRT from Zara'}]","₹ 3,990.00",Regular-fit shirt made of lightweight linen fabric. Spread collar and long sleeves with buttoned cuffs. Button-up front.
46,TEXTURED SHIRT,https://www.zara.com/in/en/textured-shirt-p04087330.html,"[{'https://static.zara.net/photos///2023/I/0/2/p/4087/330/712/2/w/448/4087330712_1_1_1.jpg?ts=1692780184926': 'Image 0 of TEXTURED SHIRT from Zara'}, {'https://static.zara.net/photos///2023/I/0/2/p/4087/330/712/2/w/448/4087330712_2_1_1.jpg?ts=1692780185035': 'Image 1 of TEXTURED SHIRT from Zara'}]","₹ 3,290.00",Relaxed fit shirt with a camp collar and short sleeves. Ribbed trim at the hem and a button-up front.
53,POINTELLE TEXTURED SHIRT,https://www.zara.com/in/en/pointelle-textured-shirt-p06462316.html,"[{'https://static.zara.net/photos///2023/I/0/2/p/6462/316/800/2/w/448/6462316800_1_1_1.jpg?ts=1690962644895': 'Image 0 of POINTELLE TEXTURED SHIRT from Zara'}, {'https://static.zara.net/photos///2023/I/0/2/p/6462/316/800/2/w/448/6462316800_2_1_1.jpg?ts=1690962647220': 'Image 1 of POINTELLE TEXTURED SHIRT from Zara'}]","₹ 3,290.00",Relaxed fit shirt made of open textured fabric. Camp collar and short sleeves. Button-up front.
55,TEXTURED TWILL SHIRT,https://www.zara.com/in/en/textured-twill-shirt-p02688103.html,"[{'https://static.zara.net/photos///2023/I/0/2/p/2688/103/401/2/w/448/2688103401_1_1_1.jpg?ts=1691564335723': 'Image 0 of TEXTURED TWILL SHIRT from Zara'}, {'https://static.zara.net/photos///2023/I/0/2/p/2688/103/401/2/w/448/2688103401_2_1_1.jpg?ts=1691564335621': 'Image 1 of TEXTURED TWILL SHIRT from Zara'}]","₹ 3,290.00",Regular fit shirt with a button-down lapel collar and long sleeves with buttoned cuffs. Button-up front.
56,TEXTURED TWILL SHIRT,https://www.zara.com/in/en/textured-twill-shirt-p05588866.html,"[{'https://static.zara.net/photos///2023/I/0/2/p/5588/866/250/2/w/448/5588866250_1_1_1.jpg?ts=1690443910697': 'Image 0 of TEXTURED TWILL SHIRT from Zara'}, {'https://static.zara.net/photos///2023/I/0/2/p/5588/866/250/2/w/448/5588866250_2_1_1.jpg?ts=1690443911334': 'Image 1 of TEXTURED TWILL SHIRT from Zara'}]","₹ 3,290.00",Regular fit spread collar shirt featuring long sleeves with buttoned cuffs. Button-up front.
58,TEXTURED TWILL SHIRT,https://www.zara.com/in/en/textured-twill-shirt-p05588867.html,"[{'https://static.zara.net/photos///2023/I/0/2/p/5588/867/250/2/w/448/5588867250_1_1_1.jpg?ts=1690361340730': 'Image 0 of TEXTURED TWILL SHIRT from Zara'}, {'https://static.zara.net/photos///2023/I/0/2/p/5588/867/250/2/w/448/5588867250_2_1_1.jpg?ts=1690361340928': 'Image 1 of TEXTURED TWILL SHIRT from Zara'}]","₹ 3,290.00",Regular-fit shirt with an open spread collar and long sleeves with buttoned cuffs. Button-up front.
64,STRIPED FLOWING SHIRT,https://www.zara.com/in/en/striped-flowing-shirt-p07545322.html,"[{'https://static.zara.net/photos///2023/I/0/2/p/7545/322/064/2/w/0/7545322064_1_1_1.jpg?ts=1692951288725': 'Image 0 of STRIPED FLOWING SHIRT from Zara'}, {'https://static.zara.net/photos///2023/I/0/2/p/7545/322/064/2/w/0/7545322064_2_1_1.jpg?ts=1692951290352': 'Image 1 of STRIPED FLOWING SHIRT from Zara'}]","₹ 3,990.00",Relaxed fit shirt in a modal blend. Spread collar and long sleeves with buttoned cuffs. Button-up front.
65,TEXTURED SHIRT,https://www.zara.com/in/en/textured-shirt-p03665304.html,"[{'https://static.zara.net/photos///2023/I/0/2/p/3665/304/251/2/w/0/3665304251_1_1_1.jpg?ts=1691486095272': 'Image 0 of TEXTURED SHIRT from Zara'}, {'https://static.zara.net/photos///2023/I/0/2/p/3665/304/251/2/w/448/3665304251_2_1_1.jpg?ts=1691486096337': 'Image 1 of TEXTURED SHIRT from Zara'}]","₹ 4,990.00",Regular fit collared shirt made of textured fabric. Long sleeves with buttoned cuffs. Hem with side vents. Button-up front.
69,LYOCELL - LINEN SHIRT,https://www.zara.com/in/en/lyocell---linen-shirt-p05593532.html,"[{'https://static.zara.net/photos///2023/I/0/2/p/5593/532/800/2/w/448/5593532800_1_1_1.jpg?ts=1692956952935': 'Image 0 of LYOCELL - LINEN SHIRT from Zara'}, {'https://static.zara.net/photos///2023/I/0/2/p/5593/532/800/2/w/448/5593532800_2_1_1.jpg?ts=1692956952847': 'Image 1 of LYOCELL - LINEN SHIRT from Zara'}]","₹ 3,990.00",Relaxed fit shirt. Spread collar and short sleeves. Chest patch pockets with flap. Button-up front hidden by a placket.
70,LYOCELL SHIRT WITH POCKETS,https://www.zara.com/in/en/lyocell-shirt-with-pockets-p00775310.html,"[{'https://static.zara.net/photos///2023/I/0/1/p/0775/310/251/2/w/448/0775310251_1_1_1.jpg?ts=1690809984042': 'Image 0 of LYOCELL SHIRT WITH POCKETS from Zara'}, {'https://static.zara.net/photos///2023/I/0/1/p/0775/310/251/2/w/448/0775310251_2_1_1.jpg?ts=1690809987713': 'Image 1 of LYOCELL SHIRT WITH POCKETS from Zara'}]","₹ 3,290.00",Relaxed-fit shirt made of lyocell fabric. Spread collar and short sleeves. Flap patch pockets on the chest. Button-up front.
74,UTILITY SHIRT WITH POCKETS,https://www.zara.com/in/en/utility-shirt-with-pockets-p06085380.html,"[{'https://static.zara.net/photos///2023/I/0/2/p/6085/380/431/2/w/0/6085380431_1_1_1.jpg?ts=1688116613687': 'Image 0 of UTILITY SHIRT WITH POCKETS from Zara'}, {'https://static.zara.net/photos///2023/I/0/2/p/6085/380/431/2/w/448/6085380431_2_1_1.jpg?ts=1688116613660': 'Image 1 of UTILITY SHIRT WITH POCKETS from Zara'}]","₹ 3,990.00",Relaxed fit shirt made of cotton. Lapel collar and short sleeves. Patch pockets with flaps on the front. Asymmetric hem with side vents. Button-up front.
78,LYOCELL SHIRT,https://www.zara.com/in/en/lyocell-shirt-p04432508.html,"[{'https://static.zara.net/photos///2023/I/0/2/p/4432/508/710/2/w/448/4432508710_1_1_1.jpg?ts=1690381424739': 'Image 0 of LYOCELL SHIRT from Zara'}, {'https://static.zara.net/photos///2023/I/0/2/p/4432/508/710/2/w/448/4432508710_2_1_1.jpg?ts=1690380556333': 'Image 1 of LYOCELL SHIRT from Zara'}]","₹ 3,290.00",Regular fit shirt made of lyocell. Lapel collar and long sleeves with buttoned cuffs. Chest patch pocket. Button-up front.
80,PLAID SHIRT WITH POCKET,https://www.zara.com/in/en/plaid-shirt-with-pocket-p05913191.html,"[{'https://static.zara.net/photos///2023/I/0/2/p/5913/191/700/2/w/448/5913191700_1_1_1.jpg?ts=1691680454826': 'Image 0 of PLAID SHIRT WITH POCKET from Zara'}, {'https://static.zara.net/photos///2023/I/0/2/p/5913/191/700/2/w/448/5913191700_2_1_1.jpg?ts=1691680456640': 'Image 1 of PLAID SHIRT WITH POCKET from Zara'}]","₹ 3,990.00",Relaxed fit collared shirt with long sleeves and buttoned cuffs. Chest patch pocket. Side vents at the hem. Button-up front.
81,STRIPED LYOCELL-LINEN SHIRT,https://www.zara.com/in/en/striped-lyocell-linen-shirt-p01437480.html,"[{'https://static.zara.net/photos///2023/I/0/2/p/1437/480/450/2/w/448/1437480450_1_1_1.jpg?ts=1689932299164': 'Image 0 of STRIPED LYOCELL-LINEN SHIRT from Zara'}, {'https://static.zara.net/photos///2023/I/0/2/p/1437/480/450/2/w/448/1437480450_2_1_1.jpg?ts=1689932299156': 'Image 1 of STRIPED LYOCELL-LINEN SHIRT from Zara'}]","₹ 4,990.00",Relaxed fit collared shirt made of a linen and lyocell blend. Front button fastening. Long sleeves with adjustable buttoned cuffs. Adjustable hem with a front drawstring.
82,STRIPED ELASTIC SHIRT,https://www.zara.com/in/en/striped-elastic-shirt-p07545515.html,"[{'https://static.zara.net/photos///2023/I/0/2/p/7545/515/104/2/w/448/7545515104_1_1_1.jpg?ts=1688569391199': 'Image 0 of STRIPED ELASTIC SHIRT from Zara'}, {'https://static.zara.net/photos///2023/I/0/2/p/7545/515/104/2/w/448/7545515104_2_1_1.jpg?ts=1688569391114': 'Image 1 of STRIPED ELASTIC SHIRT from Zara'}]","₹ 3,290.00",Slim fit shirt made of a fabric that minimises the need for ironing after washing. Spread collar and long sleeves with buttoned cuffs. Button-up front.
83,ELASTIC SHIRT WITH STRIPED PRINT,https://www.zara.com/in/en/elastic-shirt-with-striped-print-p07545514.html,"[{'https://static.zara.net/photos///2023/I/0/2/p/7545/514/104/2/w/0/7545514104_1_1_1.jpg?ts=1687874179643': 'Image 0 of ELASTIC SHIRT WITH STRIPED PRINT from Zara'}, {'https://static.zara.net/photos///2023/I/0/2/p/7545/514/104/2/w/448/7545514104_2_1_1.jpg?ts=1687874180101': 'Image 1 of ELASTIC SHIRT WITH STRIPED PRINT from Zara'}]","₹ 3,290.00",Slim-fit shirt made of a high-stretch fabric which is resistant to wrinkling. Spread collar and long sleeves with buttoned cuffs. Button-up front.
85,STRIPED TEXTURED SHIRT,https://www.zara.com/in/en/striped-textured-shirt-p05664120.html,"[{'https://static.zara.net/photos///2023/I/0/2/p/5664/120/058/2/w/448/5664120058_1_1_1.jpg?ts=1686918077062': 'Image 0 of STRIPED TEXTURED SHIRT from Zara'}, {'https://static.zara.net/photos///2023/I/0/1/p/5664/120/058/14/w/448/5664120058_2_1_1.jpg?ts=1690964044883': 'Image 1 of STRIPED TEXTURED SHIRT from Zara'}]","₹ 3,290.00",Regular fit shirt made of a cotton fabric. Spread collar and long sleeves with buttoned cuffs. Button-up front.
91,GEOMETRIC CROCHET SHIRT,https://www.zara.com/in/en/geometric-crochet-shirt-p02675350.html,"[{'https://static.zara.net/photos///2023/I/0/2/p/2675/350/120/2/w/448/2675350120_1_1_1.jpg?ts=1688481990984': 'Image 0 of GEOMETRIC CROCHET SHIRT from Zara'}, {'https://static.zara.net/photos///2023/I/0/2/p/2675/350/120/2/w/448/2675350120_2_1_1.jpg?ts=1688481989043': 'Image 1 of GEOMETRIC CROCHET SHIRT from Zara'}]","₹ 3,990.00",Relaxed fit shirt made of open textured fabric. Lapel collar and short sleeves. Button-up front.
96,TEXTURED CROCHET SHIRT,https://www.zara.com/in/en/textured-crochet-shirt-p07200350.html,"[{'https://static.zara.net/photos///2023/I/0/2/p/7200/350/250/2/w/448/7200350250_1_1_1.jpg?ts=1689256343993': 'Image 0 of TEXTURED CROCHET SHIRT from Zara'}, {'https://static.zara.net/photos///2023/I/0/2/p/7200/350/250/2/w/448/7200350250_2_1_1.jpg?ts=1689256347245': 'Image 1 of TEXTURED CROCHET SHIRT from Zara'}]","₹ 4,990.00",Collared shirt made of open textured fabric. Front opening and short sleeves. Button-up front.
108,TEXTURED SHIRT,https://www.zara.com/in/en/textured-shirt-p02092300.html,"[{'https://static.zara.net/photos///2023/I/0/2/p/2092/300/250/2/w/448/2092300250_1_1_1.jpg?ts=1690536385550': 'Image 0 of TEXTURED SHIRT from Zara'}, {'https://static.zara.net/photos///2023/I/0/2/p/2092/300/250/2/w/448/2092300250_2_1_1.jpg?ts=1690536386041': 'Image 1 of TEXTURED SHIRT from Zara'}]","₹ 3,990.00",Shirt made of textured easy-care fabric that minimises the need for ironing.Regular fit spread collar shirt featuring long sleeves with buttoned cuffs. Button-up front.
109,SHIRT WITH FRENCH CUFFS,https://www.zara.com/in/en/shirt-with-french-cuffs-p05673441.html,"[{'https://static.zara.net/photos///2023/I/0/2/p/5673/441/250/2/w/448/5673441250_1_1_1.jpg?ts=1688555084156': 'Image 0 of SHIRT WITH FRENCH CUFFS from Zara'}, {'https://static.zara.net/photos///2023/I/0/2/p/5673/441/250/2/w/448/5673441250_2_1_1.jpg?ts=1688555083947': 'Image 1 of SHIRT WITH FRENCH CUFFS from Zara'}]","₹ 3,990.00",Regular-fit shirt with a spread collar and long sleeves with French cuffs with cufflinks. Button-up front.
111,TEXTURED LYOCELL BLEND SHIRT,https://www.zara.com/in/en/textured-lyocell-blend-shirt-p05672441.html,"[{'https://static.zara.net/photos///2023/I/0/2/p/5672/441/250/2/w/448/5672441250_1_1_1.jpg?ts=1690361341153': 'Image 0 of TEXTURED LYOCELL BLEND SHIRT from Zara'}, {'https://static.zara.net/photos///2023/I/0/2/p/5672/441/250/2/w/448/5672441250_2_1_1.jpg?ts=1690361341944': 'Image 1 of TEXTURED LYOCELL BLEND SHIRT from Zara'}]","₹ 3,290.00",Regular-fit shirt in a lyocell blend. Spread collar and long sleeves with buttoned cuffs. Button-up front.
114,SHIRT WITH ADJUSTABLE HEM,https://www.zara.com/in/en/shirt-with-adjustable-hem-p02553306.html,"[{'https://static.zara.net/photos///2023/I/0/2/p/2553/306/800/2/w/448/2553306800_1_1_1.jpg?ts=1691072084264': 'Image 0 of SHIRT WITH ADJUSTABLE HEM from Zara'}, {'https://static.zara.net/photos///2023/I/0/2/p/2553/306/800/2/w/448/2553306800_2_1_1.jpg?ts=1691072085350': 'Image 1 of SHIRT WITH ADJUSTABLE HEM from Zara'}]","₹ 3,990.00",Boxy-fit shirt made of a cotton blend. Spread collar and short sleeves. Chest patch pocket. Adjustable hem with elastic on the sides. Button-up front.
118,CROPPED FAUX LEATHER SHIRT,https://www.zara.com/in/en/cropped-faux-leather-shirt-p08281325.html,"[{'https://static.zara.net/photos///2023/V/0/1/p/8281/423/800/2/w/448/8281423800_1_1_1.jpg?ts=1682333401257': 'Image 0 of CROPPED FAUX LEATHER SHIRT from Zara'}, {'https://static.zara.net/photos///2023/V/0/1/p/8281/423/800/2/w/448/8281423800_2_1_1.jpg?ts=1682333400388': 'Image 1 of CROPPED FAUX LEATHER SHIRT from Zara'}]","₹ 3,290.00",Relaxed-fit faux leather shirt. Collar and short sleeves. Chest patch pocket. Cropped length. Fastens down the front with snap buttons.
122,STRIPED SHIRT,https://www.zara.com/in/en/striped-shirt-p06456400.html,"[{'https://static.zara.net/photos///2023/I/0/2/p/6456/400/044/2/w/448/6456400044_1_1_1.jpg?ts=1691503022803': 'Image 0 of STRIPED SHIRT from Zara'}, {'https://static.zara.net/photos///2023/I/0/2/p/6456/400/044/2/w/448/6456400044_2_1_1.jpg?ts=1691503022677': 'Image 1 of STRIPED SHIRT from Zara'}]","₹ 3,290.00",Relaxed fit collared shirt. Short sleeves. Split hem. Button-up front.
123,STRIPED SHIRT,https://www.zara.com/in/en/striped-shirt-p05646037.html,"[{'https://static.zara.net/photos///2023/I/0/2/p/5646/037/401/2/w/448/5646037401_1_1_1.jpg?ts=1688713594627': 'Image 0 of STRIPED SHIRT from Zara'}, {'https://static.zara.net/photos///2023/I/0/2/p/5646/037/401/2/w/448/5646037401_2_1_1.jpg?ts=1688713595854': 'Image 1 of STRIPED SHIRT from Zara'}]","₹ 3,290.00","Relaxed fit shirt made of a cotton blend. Featuring a camp collar, short sleeves and a button-up front."
124,STRIPED TEXTURED SHIRT,https://www.zara.com/in/en/striped-textured-shirt-p07545483.html,"[{'https://static.zara.net/photos///2023/I/0/2/p/7545/483/330/2/w/448/7545483330_1_1_1.jpg?ts=1690360448610': 'Image 0 of STRIPED TEXTURED SHIRT from Zara'}, {'https://static.zara.net/photos///2023/I/0/2/p/7545/483/330/2/w/448/7545483330_2_1_1.jpg?ts=1690360449000': 'Image 1 of STRIPED TEXTURED SHIRT from Zara'}]","₹ 3,290.00",Relaxed fit shirt made of lightweight fabric. Lapel collar and short sleeves. Chest patch pockets. Asymmetric hem with side vents. Button-up front.
126,OXFORD SHIRT,https://www.zara.com/in/en/oxford-shirt-p08211405.html,"[{'https://static.zara.net/photos///2023/I/0/2/p/1063/315/058/2/w/448/1063315058_1_1_1.jpg?ts=1691136022464': 'Image 0 of OXFORD SHIRT from Zara'}, {'https://static.zara.net/photos///2023/I/0/2/p/1063/315/058/2/w/448/1063315058_2_1_1.jpg?ts=1691136026362': 'Image 1 of OXFORD SHIRT from Zara'}]","₹ 2,990.00",Regular fit shirt made of cotton. Button-down collar and long sleeves with buttoned cuffs. Chest patch pocket. Button-up front.
134,SHIRT WITH CONTRAST TOPSTITCHING,https://www.zara.com/in/en/shirt-with-contrast-topstitching-p06917321.html,"[{'https://static.zara.net/photos///2023/I/0/2/p/6917/321/922/2/w/448/6917321922_1_1_1.jpg?ts=1691746950318': 'Image 0 of SHIRT WITH CONTRAST TOPSTITCHING from Zara'}, {'https://static.zara.net/photos///2023/I/0/2/p/6917/321/922/2/w/448/6917321922_2_1_1.jpg?ts=1691746949198': 'Image 1 of SHIRT WITH CONTRAST TOPSTITCHING from Zara'}]","₹ 3,990.00",Collared relaxed-fit shirt. Long sleeves with buttoned cuffs. Chest patch pocket. Hem with side vents. Contrast topstitching all over the garment. Faded effect. Button-up front.
135,SHIRT WITH CONTRAST TOPSTITCHING,https://www.zara.com/in/en/shirt-with-contrast-topstitching-p01063330.html,"[{'https://static.zara.net/photos///2023/I/0/2/p/1063/330/800/2/w/0/1063330800_1_1_1.jpg?ts=1690962647978': 'Image 0 of SHIRT WITH CONTRAST TOPSTITCHING from Zara'}, {'https://static.zara.net/photos///2023/I/0/2/p/1063/330/800/2/w/0/1063330800_2_1_1.jpg?ts=1690962651597': 'Image 1 of SHIRT WITH CONTRAST TOPSTITCHING from Zara'}]","₹ 3,290.00",Collared relaxed fit shirt. Long sleeves with buttoned cuffs. Chest patch pocket. Contrast topstitching details all over the garment. Button-up front.
136,TOPSTITCHED DENIM SHIRT,https://www.zara.com/in/en/topstitched-denim-shirt-p03175314.html,"[{'https://static.zara.net/photos///2023/I/0/2/p/3175/314/400/2/w/448/3175314400_1_1_1.jpg?ts=1691072087302': 'Image 0 of TOPSTITCHED DENIM SHIRT from Zara'}, {'https://static.zara.net/photos///2023/I/0/2/p/3175/314/400/2/w/448/3175314400_2_1_1.jpg?ts=1691072086292': 'Image 1 of TOPSTITCHED DENIM SHIRT from Zara'}]","₹ 3,290.00",Boxy fit collared shirt made of compact denim fabric. Short sleeves. Chest patch pocket. Contrast topstitching all over the garment. Button-up front.
137,DENIM SHIRT,https://www.zara.com/in/en/denim-shirt-p06085371.html,"[{'https://static.zara.net/photos///2023/I/0/2/p/6085/371/400/2/w/448/6085371400_1_1_1.jpg?ts=1690962647916': 'Image 0 of DENIM SHIRT from Zara'}, {'https://static.zara.net/photos///2023/I/0/2/p/6085/371/400/2/w/448/6085371400_2_1_1.jpg?ts=1690962652755': 'Image 1 of DENIM SHIRT from Zara'}]","₹ 3,290.00",Faded relaxed fit collared shirt made of denim. Featuring long sleeves and a chest patch pocket. Button-up front.
138,DENIM SHIRT,https://www.zara.com/in/en/denim-shirt-p06987350.html,"[{'https://static.zara.net/photos///2023/I/0/2/p/6987/350/505/2/w/0/6987350505_1_1_1.jpg?ts=1691136022283': 'Image 0 of DENIM SHIRT from Zara'}, {'https://static.zara.net/photos///2023/I/0/2/p/6987/350/505/2/w/448/6987350505_2_1_1.jpg?ts=1691136025751': 'Image 1 of DENIM SHIRT from Zara'}]","₹ 2,990.00",Regular fit collared shirt made of denim fabric. Long sleeves with buttoned cuffs. Chest patch pockets with flaps. Faded effect. Front snap-button fastening.
139,DENIM OVERDYE SHIRT,https://www.zara.com/in/en/denim-overdye-shirt-p05520311.html,"[{'https://static.zara.net/photos///2023/I/0/2/p/5520/311/400/2/w/448/5520311400_1_1_1.jpg?ts=1692025126711': 'Image 0 of DENIM OVERDYE SHIRT from Zara'}, {'https://static.zara.net/photos///2023/I/0/2/p/5520/311/400/2/w/0/5520311400_2_1_1.jpg?ts=1692025126776': 'Image 1 of DENIM OVERDYE SHIRT from Zara'}]","₹ 3,290.00",Faded relaxed fit collared shirt featuring long sleeves with buttoned cuffs. Patch pocket on the chest and a button-up front.
140,RELAXED FIT DENIM SHIRT,https://www.zara.com/in/en/relaxed-fit-denim-shirt-p07627307.html,"[{'https://static.zara.net/photos///2023/I/0/2/p/7627/307/430/2/w/448/7627307430_1_1_1.jpg?ts=1688555878027': 'Image 0 of RELAXED FIT DENIM SHIRT from Zara'}, {'https://static.zara.net/photos///2023/I/0/2/p/7627/307/430/2/w/448/7627307430_2_1_1.jpg?ts=1688555878719': 'Image 1 of RELAXED FIT DENIM SHIRT from Zara'}]","₹ 3,990.00",Relaxed-fit collared shirt with long sleeves and buttoned cuffs. Faded effect. Button-up front.
142,ABSTRACT PRINT DENIM SHIRT,https://www.zara.com/in/en/abstract-print-denim-shirt-p07627306.html,"[{'https://static.zara.net/photos///2023/I/0/2/p/7627/306/426/2/w/448/7627306426_1_1_1.jpg?ts=1689319990523': 'Image 0 of ABSTRACT PRINT DENIM SHIRT from Zara'}, {'https://static.zara.net/photos///2023/I/0/2/p/7627/306/426/2/w/448/7627306426_2_1_1.jpg?ts=1689319991192': 'Image 1 of ABSTRACT PRINT DENIM SHIRT from Zara'}]","₹ 3,990.00",Relaxed fit sleeveless denim collared shirt. Patch pockets with flaps on the chest. Faded effect. Button-up front.
143,DENIM SHIRT WITH POCKET,https://www.zara.com/in/en/denim-shirt-with-pocket-p05520315.html,"[{'https://static.zara.net/photos///2023/I/0/2/p/5520/315/400/2/w/448/5520315400_1_1_1.jpg?ts=1689319989981': 'Image 0 of DENIM SHIRT WITH POCKET from Zara'}, {'https://static.zara.net/photos///2023/I/0/2/p/5520/315/400/2/w/448/5520315400_2_1_1.jpg?ts=1689319989405': 'Image 1 of DENIM SHIRT WITH POCKET from Zara'}]","₹ 3,290.00",Faded relaxed fit collared shirt made of lightweight denim. Featuring long sleeves and a chest patch pocket. Button-up front.
145,STRIPED SHIRT,https://www.zara.com/in/en/striped-shirt-p00975350.html,"[{'https://static.zara.net/photos///2023/I/0/2/p/0975/350/406/2/w/448/0975350406_1_1_1.jpg?ts=1688115892639': 'Image 0 of STRIPED SHIRT from Zara'}, {'https://static.zara.net/photos///2023/I/0/2/p/0975/350/406/2/w/448/0975350406_2_1_1.jpg?ts=1688115891185': 'Image 1 of STRIPED SHIRT from Zara'}]","₹ 3,290.00",Relaxed-fit shirt made of a cotton and lyocell blend. Camp collar and short sleeves. Button-up front.
147,COLOURED DENIM OVERSHIRT,https://www.zara.com/in/en/coloured-denim-overshirt-p07446430.html,"[{'https://static.zara.net/photos///2023/V/0/2/p/7446/430/800/2/w/448/7446430800_1_1_1.jpg?ts=1679481042997': 'Image 0 of COLOURED DENIM OVERSHIRT from Zara'}, {'https://static.zara.net/photos///2023/V/0/1/p/7446/430/800/22/w/448/7446430800_2_1_1.jpg?ts=1679504993006': 'Image 1 of COLOURED DENIM OVERSHIRT from Zara'}]","₹ 2,990.00",Relaxed fit collared overshirt. Long sleeves with buttoned cuffs. Chest patch pockets. Button-up front.
152,BANDANA PRINT SHIRT,https://www.zara.com/in/en/bandana-print-shirt-p08574365.html,"[{'https://static.zara.net/photos///2023/I/0/2/p/8574/365/500/2/w/448/8574365500_1_1_1.jpg?ts=1689157209376': 'Image 0 of BANDANA PRINT SHIRT from Zara'}, {'https://static.zara.net/photos///2023/I/0/2/p/8574/365/500/2/w/448/8574365500_2_1_1.jpg?ts=1689157214603': 'Image 1 of BANDANA PRINT SHIRT from Zara'}]","₹ 3,290.00",Relaxed fit sleeveless shirt made of technical fabric. Camp collar and button-up front.
153,ABSTRACT PRINT TEXTURED SHIRT,https://www.zara.com/in/en/abstract-print-textured-shirt-p05887878.html,"[{'https://static.zara.net/photos///2023/I/0/2/p/5887/878/500/2/w/448/5887878500_1_1_1.jpg?ts=1689926679882': 'Image 0 of ABSTRACT PRINT TEXTURED SHIRT from Zara'}, {'https://static.zara.net/photos///2023/I/0/2/p/5887/878/500/2/w/448/5887878500_2_1_1.jpg?ts=1689926684232': 'Image 1 of ABSTRACT PRINT TEXTURED SHIRT from Zara'}]","₹ 3,290.00",Regular-fit collared shirt with short sleeves. Button-up front.
154,PIXELATED PRINTED SHIRT,https://www.zara.com/in/en/pixelated-printed-shirt-p07545389.html,"[{'https://static.zara.net/photos///2023/I/0/2/p/7545/389/526/2/w/448/7545389526_1_1_1.jpg?ts=1688714839172': 'Image 0 of PIXELATED PRINTED SHIRT from Zara'}, {'https://static.zara.net/photos///2023/I/0/2/p/7545/389/526/2/w/448/7545389526_2_1_1.jpg?ts=1688714843321': 'Image 1 of PIXELATED PRINTED SHIRT from Zara'}]","₹ 3,290.00",Relaxed fit shirt made of viscose fabric. Spread collar and short sleeves. Chest patch pocket. Button-up front.
155,ABSTRACT PRINT SHIRT,https://www.zara.com/in/en/abstract-print-shirt-p06085308.html,"[{'https://static.zara.net/photos///2023/I/0/2/p/6085/308/500/2/w/448/6085308500_1_1_1.jpg?ts=1687331081778': 'Image 0 of ABSTRACT PRINT SHIRT from Zara'}, {'https://static.zara.net/photos///2023/I/0/2/p/6085/308/500/2/w/448/6085308500_2_1_1.jpg?ts=1687866113798': 'Image 1 of ABSTRACT PRINT SHIRT from Zara'}]","₹ 3,290.00",Boxy fit shirt in cotton fabric. Camp collar and short sleeves. Split hem. Button-up front.
156,TIE-DYE PRINT SHIRT,https://www.zara.com/in/en/tie-dye-print-shirt-p07446303.html,"[{'https://static.zara.net/photos///2023/I/0/2/p/7446/303/030/2/w/448/7446303030_1_1_1.jpg?ts=1685691791832': 'Image 0 of TIE-DYE PRINT SHIRT from Zara'}, {'https://static.zara.net/photos///2023/I/0/2/p/7446/303/030/2/w/448/7446303030_2_1_1.jpg?ts=1685691793349': 'Image 1 of TIE-DYE PRINT SHIRT from Zara'}]","₹ 3,290.00",Relaxed fit shirt. Camp collar and short sleeves. Patch pocket on the chest. Hem with side vents. Button-up front.
158,STRETCHY POPLIN SHIRT,https://www.zara.com/in/en/stretchy-poplin-shirt-p05588744.html,"[{'https://static.zara.net/photos///2023/V/0/2/p/3277/266/250/2/w/448/3277266250_1_1_1.jpg?ts=1674745669025': 'Image 0 of STRETCHY POPLIN SHIRT from Zara'}, {'https://static.zara.net/photos///2023/V/0/2/p/3277/266/250/2/w/448/3277266250_2_1_1.jpg?ts=1674745673128': 'Image 1 of STRETCHY POPLIN SHIRT from Zara'}]","₹ 2,990.00","Shirt made of a stretchy cotton fabric. Featuring a spread collar, long sleeves with buttoned cuffs and a button-up front."
163,ACTIVE SHIRT,https://www.zara.com/in/en/active-shirt-p05445404.html,"[{'https://static.zara.net/photos///2022/I/0/1/p/5445/404/250/13/w/448/5445404250_1_1_1.jpg?ts=1665671913567': 'Image 0 of ACTIVE SHIRT from Zara'}, {'https://static.zara.net/photos///2022/I/0/1/p/5445/404/250/13/w/448/5445404250_2_1_1.jpg?ts=1665671913703': 'Image 1 of ACTIVE SHIRT from Zara'}]","₹ 2,790.00",Slim-fit shirt with a spread collar that buttons on the inside. Long sleeves with buttoned cuffs. Button-up front.-Breathable-Anti-odour treatment.-Wrinkle resistant.View more
167,SEERSUCKER SHIRT,https://www.zara.com/in/en/seersucker-shirt-p06861320.html,"[{'https://static.zara.net/photos///2023/I/0/2/p/6861/320/401/2/w/448/6861320401_1_1_1.jpg?ts=1691680454772': 'Image 0 of SEERSUCKER SHIRT from Zara'}, {'https://static.zara.net/photos///2023/I/0/2/p/6861/320/401/2/w/448/6861320401_2_1_1.jpg?ts=1691680456664': 'Image 1 of SEERSUCKER SHIRT from Zara'}]","₹ 3,990.00",Relaxed-fit shirt with a camp collar and a button-up front. Featuring a chest patch pocket and side vents at the hem.
168,SEERSUCKER SHIRT WITH CONTRAST TOPSTITCHING,https://www.zara.com/in/en/seersucker-shirt-with-contrast-topstitching-p06861332.html,"[{'https://static.zara.net/photos///2023/I/0/2/p/6861/332/401/2/w/448/6861332401_1_1_1.jpg?ts=1691508195528': 'Image 0 of SEERSUCKER SHIRT WITH CONTRAST TOPSTITCHING from Zara'}, {'https://static.zara.net/photos///2023/I/0/2/p/6861/332/401/2/w/448/6861332401_2_1_1.jpg?ts=1691508195305': 'Image 1 of SEERSUCKER SHIRT WITH CONTRAST TOPSTITCHING from Zara'}]","₹ 3,290.00",Relaxed fit shirt. Spread collar and short sleeves. Chest patch pocket. Contrast topstitching all over the garment. Button-up front.
170,SEERSUCKER SHIRT WITH POCKET,https://www.zara.com/in/en/seersucker-shirt-with-pocket-p06861324.html,"[{'https://static.zara.net/photos///2023/I/0/2/p/6861/328/401/2/w/448/6861328401_1_1_1.jpg?ts=1691503022516': 'Image 0 of SEERSUCKER SHIRT WITH POCKET from Zara'}, {'https://static.zara.net/photos///2023/I/0/2/p/6861/328/401/2/w/448/6861328401_2_1_1.jpg?ts=1691503022868': 'Image 1 of SEERSUCKER SHIRT WITH POCKET from Zara'}]","₹ 3,290.00",Relaxed-fit shirt. Spread collar and short sleeves. Chest patch pocket. Button-up front.
174,STRIPED SEERSUCKER SHIRT,https://www.zara.com/in/en/striped-seersucker-shirt-p05574114.html,"[{'https://static.zara.net/photos///2023/I/0/1/p/5574/114/712/3/w/448/5574114712_1_1_1.jpg?ts=1688732447810': 'Image 0 of STRIPED SEERSUCKER SHIRT from Zara'}, {'https://static.zara.net/photos///2023/I/0/2/p/5574/114/712/2/w/448/5574114712_2_1_1.jpg?ts=1688720191882': 'Image 1 of STRIPED SEERSUCKER SHIRT from Zara'}]","₹ 3,990.00",Regular-fit shirt with a collar and long sleeves with buttoned cuffs. Chest patch pocket. Adjustable hem with ties at the front. Button-up front.
176,TEXTURED SHIRT WITH PRINT,https://www.zara.com/in/en/textured-shirt-with-print-p07380500.html,"[{'https://static.zara.net/photos///2023/I/0/2/p/7380/500/022/2/w/448/7380500022_2_1_1.jpg?ts=1687961160735': 'Image 0 of TEXTURED SHIRT WITH PRINT from Zara'}, {'https://static.zara.net/photos///2023/I/0/2/p/7380/500/022/2/w/448/7380500022_1_1_1.jpg?ts=1687961160591': 'Image 1 of TEXTURED SHIRT WITH PRINT from Zara'}]","₹ 3,290.00",Relaxed fit shirt with a spread collar. Short sleeves and a button-up front.
184,GEOMETRIC JACQUARD SHIRT,https://www.zara.com/in/en/geometric-jacquard-shirt-p05372304.html,"[{'https://static.zara.net/photos///2023/I/0/2/p/5372/304/050/2/w/448/5372304050_1_1_1.jpg?ts=1689256344451': 'Image 0 of GEOMETRIC JACQUARD SHIRT from Zara'}, {'https://static.zara.net/photos///2023/I/0/2/p/5372/304/050/2/w/448/5372304050_2_1_1.jpg?ts=1689256345208': 'Image 1 of GEOMETRIC JACQUARD SHIRT from Zara'}]","₹ 3,290.00",Shirt with a camp collar and short sleeves. Ribbed trims. Button-up front.
185,GEOMETRIC JACQUARD SHIRT,https://www.zara.com/in/en/geometric-jacquard-shirt-p07545300.html,"[{'https://static.zara.net/photos///2023/I/0/1/p/7545/300/800/3/w/448/7545300800_1_1_1.jpg?ts=1687345355983': 'Image 0 of GEOMETRIC JACQUARD SHIRT from Zara'}, {'https://static.zara.net/photos///2023/I/0/1/p/7545/300/800/3/w/448/7545300800_2_1_1.jpg?ts=1687345355360': 'Image 1 of GEOMETRIC JACQUARD SHIRT from Zara'}]","₹ 3,290.00",Relaxed-fit shirt made of a viscose and cotton blend. Camp collar and short sleeves. Hem with side vents. Button-up front.
188,COMFORT OVERSHIRT WITH POCKETS,https://www.zara.com/in/en/comfort-overshirt-with-pockets-p00706429.html,"[{'https://static.zara.net/photos///2023/I/0/2/p/0706/429/800/12/w/448/0706429800_1_1_1.jpg?ts=1692961529587': 'Image 0 of COMFORT OVERSHIRT WITH POCKETS from Zara'}, {'https://static.zara.net/photos///2023/I/0/2/p/0706/429/800/12/w/448/0706429800_2_1_1.jpg?ts=1692961529634': 'Image 1 of COMFORT OVERSHIRT WITH POCKETS from Zara'}]","₹ 3,990.00",Collared overshirt made of a stretchy fabric. Long sleeves with snap-button cuffs. Chest patch pockets. Front snap-button fastening.
192,LINEN - COTTON EMBROIDERED SHIRT,https://www.zara.com/in/en/linen---cotton-embroidered-shirt-p07200401.html,"[{'https://static.zara.net/photos///2023/I/0/1/p/7200/401/250/3/w/448/7200401250_1_1_1.jpg?ts=1686760637187': 'Image 0 of LINEN - COTTON EMBROIDERED SHIRT from Zara'}, {'https://static.zara.net/photos///2023/I/0/1/p/7200/401/250/3/w/448/7200401250_2_1_1.jpg?ts=1686760637548': 'Image 1 of LINEN - COTTON EMBROIDERED SHIRT from Zara'}]","₹ 3,290.00","Relaxed fit shirt made of a linen and cotton blend. Featuring a camp collar, short sleeves, a split hem and a button-up front."
194,LINEN - COTTON EMBROIDERED SHIRT,https://www.zara.com/in/en/linen---cotton-embroidered-shirt-p07200403.html,"[{'https://static.zara.net/photos///2023/I/0/2/p/7200/403/711/2/w/448/7200403711_1_1_1.jpg?ts=1688720192269': 'Image 0 of LINEN - COTTON EMBROIDERED SHIRT from Zara'}, {'https://static.zara.net/photos///2023/I/0/2/p/7200/403/711/2/w/448/7200403711_2_1_1.jpg?ts=1688720191932': 'Image 1 of LINEN - COTTON EMBROIDERED SHIRT from Zara'}]","₹ 3,290.00",Relaxed-fit shirt made of a linen and cotton blend fabric. Featuring a camp collar and short sleeves. Contrast embroidered details all over the garment. Button-up front.
200,EASY CARE TEXTURED SHIRT,https://www.zara.com/in/en/easy-care-textured-shirt-p07545517.html,"[{'https://static.zara.net/photos///2023/I/0/2/p/3090/503/620/2/w/448/3090503620_1_1_1.jpg?ts=1690540990796': 'Image 0 of EASY CARE TEXTURED SHIRT from Zara'}, {'https://static.zara.net/photos///2023/I/0/2/p/3090/503/620/2/w/448/3090503620_2_1_1.jpg?ts=1690540989702': 'Image 1 of EASY CARE TEXTURED SHIRT from Zara'}]","₹ 1,990.00",Shirt made of fabric with easy care and everyday maintenance texture.Slim fit spread collar shirt featuring long sleeves with buttoned cuffs. Button-up front.
217,© HIROSHI NAGAI PRINT SHIRT,https://www.zara.com/in/en/--hiroshi-nagai-print-shirt-p04644410.html,"[{'https://static.zara.net/photos///2023/I/0/2/p/4644/410/400/2/w/448/4644410400_1_1_1.jpg?ts=1689169843052': 'Image 0 of © HIROSHI NAGAI PRINT SHIRT from Zara'}, {'https://static.zara.net/photos///2023/I/0/2/p/4644/410/400/2/w/448/4644410400_2_1_1.jpg?ts=1689169842125': 'Image 1 of © HIROSHI NAGAI PRINT SHIRT from Zara'}]","₹ 3,990.00",Relaxed fit shirt made of a satiny fabric. Camp collar and short sleeves. © Hiroshi Nagai graphic prints all over the garment. Side vents at the hem. Button-up front.
218,CONTRAST PRINT SHIRT,https://www.zara.com/in/en/contrast-print-shirt-p06085385.html,"[{'https://static.zara.net/photos///2023/I/0/2/p/6085/385/250/2/w/448/6085385250_1_1_1.jpg?ts=1689087952806': 'Image 0 of CONTRAST PRINT SHIRT from Zara'}, {'https://static.zara.net/photos///2023/I/0/2/p/6085/385/250/2/w/448/6085385250_2_1_1.jpg?ts=1689087953929': 'Image 1 of CONTRAST PRINT SHIRT from Zara'}]","₹ 3,290.00",Relaxed-fit shirt made of a satiny fabric. Camp collar and short sleeves. Contrast print on the front and back. Button-up front.
219,CITY PRINT SHIRT,https://www.zara.com/in/en/city-print-shirt-p04571300.html,"[{'https://static.zara.net/photos///2023/I/0/2/p/4571/300/400/2/w/448/4571300400_1_1_1.jpg?ts=1689169843068': 'Image 0 of CITY PRINT SHIRT from Zara'}, {'https://static.zara.net/photos///2023/I/0/2/p/4571/300/400/2/w/448/4571300400_2_1_1.jpg?ts=1689169842539': 'Image 1 of CITY PRINT SHIRT from Zara'}]","₹ 3,290.00",Relaxed fit shirt made of a satiny fabric. Camp collar and short sleeves. Contrast prints all over the garment. Side vents at the hem. Button-up front.
222,STRIPE PRINT SHIRT,https://www.zara.com/in/en/stripe-print-shirt-p05847261.html,"[{'https://static.zara.net/photos///2023/I/0/2/p/5847/261/800/2/w/448/5847261800_1_1_1.jpg?ts=1687445757517': 'Image 0 of STRIPE PRINT SHIRT from Zara'}, {'https://static.zara.net/photos///2023/I/0/2/p/5847/261/800/2/w/448/5847261800_2_1_1.jpg?ts=1687443696125': 'Image 1 of STRIPE PRINT SHIRT from Zara'}]","₹ 3,290.00",Relaxed fit shirt made of a satiny fabric. Camp collar and short sleeves. Trims with contrast stripes. Button-up front.
226,COTTON - LINEN SHIRT,https://www.zara.com/in/en/cotton---linen-shirt-p03277306.html,"[{'https://static.zara.net/photos///2023/I/0/2/p/3277/306/409/2/w/448/3277306409_1_1_1.jpg?ts=1685521803905': 'Image 0 of COTTON - LINEN SHIRT from Zara'}, {'https://static.zara.net/photos///2023/I/0/2/p/3277/306/409/2/w/448/3277306409_2_1_1.jpg?ts=1685521803987': 'Image 1 of COTTON - LINEN SHIRT from Zara'}]","₹ 3,290.00",Relaxed fit collared shirt made of a linen and cotton blend fabric. Short sleeves. Chest patch pocket. Button-up front.
234,COTTON SHIRT,https://www.zara.com/in/en/cotton-shirt-p01182402.html,"[{'https://static.zara.net/photos///2023/I/0/2/p/1182/402/047/2/w/448/1182402047_1_1_1.jpg?ts=1689256343530': 'Image 0 of COTTON SHIRT from Zara'}, {'https://static.zara.net/photos///2023/I/0/2/p/1182/402/047/2/w/448/1182402047_2_1_1.jpg?ts=1689256344978': 'Image 1 of COTTON SHIRT from Zara'}]","₹ 2,890.00",Regular fit shirt made of lightweight cotton. Button-down collar and long sleeves with buttoned cuffs. Button-up front.
240,FAUX LEATHER OVERSHIRT,https://www.zara.com/in/en/faux-leather-overshirt-p05070305.html,"[{'https://static.zara.net/photos///2023/I/0/2/p/5070/305/800/2/w/448/5070305800_1_1_1.jpg?ts=1688715757260': 'Image 0 of FAUX LEATHER OVERSHIRT from Zara'}, {'https://static.zara.net/photos///2023/I/0/2/p/5070/305/800/2/w/448/5070305800_2_1_1.jpg?ts=1688715757224': 'Image 1 of FAUX LEATHER OVERSHIRT from Zara'}]","₹ 3,990.00","Boxy fit collared overshirt made of faux leather. Featuring short sleeves, a chest patch pockets, contrast topstitching all over the garment and a button-up front."
241,OVERSHIRT WITH CONTRAST TOPSTITCHING,https://www.zara.com/in/en/overshirt-with-contrast-topstitching-p05786162.html,"[{'https://static.zara.net/photos///2023/I/0/2/p/5786/162/800/2/w/448/5786162800_1_1_1.jpg?ts=1688715758115': 'Image 0 of OVERSHIRT WITH CONTRAST TOPSTITCHING from Zara'}, {'https://static.zara.net/photos///2023/I/0/2/p/5786/162/800/2/w/448/5786162800_2_1_1.jpg?ts=1688715758071': 'Image 1 of OVERSHIRT WITH CONTRAST TOPSTITCHING from Zara'}]","₹ 4,990.00",Collared relaxed fit overshirt. Long sleeves with buttoned cuffs. Chest patch pockets. Contrast topstitching all over the garment. Button-up front.
243,SHIRT WITH CONTRASTING TOPSTITCHING,https://www.zara.com/in/en/shirt-with-contrasting-topstitching-p05674162.html,"[{'https://static.zara.net/photos///2023/I/0/2/p/5674/162/800/2/w/448/5674162800_1_1_1.jpg?ts=1688725313165': 'Image 0 of SHIRT WITH CONTRASTING TOPSTITCHING from Zara'}, {'https://static.zara.net/photos///2023/I/0/2/p/5674/162/800/2/w/448/5674162800_2_1_1.jpg?ts=1688715757979': 'Image 1 of SHIRT WITH CONTRASTING TOPSTITCHING from Zara'}]","₹ 3,290.00",Short sleeve relaxed fit shirt with a spread collar. Chest patch pocket. Contrast topstitching all over the garment. Button-up front.
245,ABSTRACT JACQUARD SHIRT,https://www.zara.com/in/en/abstract-jacquard-shirt-p02675304.html,"[{'https://static.zara.net/photos///2023/I/0/2/p/2675/304/527/2/w/448/2675304527_1_1_1.jpg?ts=1689756836059': 'Image 0 of ABSTRACT JACQUARD SHIRT from Zara'}, {'https://static.zara.net/photos///2023/I/0/2/p/2675/304/527/2/w/448/2675304527_2_1_1.jpg?ts=1689756842146': 'Image 1 of ABSTRACT JACQUARD SHIRT from Zara'}]","₹ 4,990.00",Relaxed fit shirt made of compact fabric. Camp collar and short sleeves. Chest patch pocket. Side vents at the hem. Button-up front.
247,PALM TREE PRINT SHIRT,https://www.zara.com/in/en/palm-tree-print-shirt-p05669155.html,"[{'https://static.zara.net/photos///2023/I/0/2/p/5669/155/070/2/w/448/5669155070_1_1_1.jpg?ts=1689757426762': 'Image 0 of PALM TREE PRINT SHIRT from Zara'}, {'https://static.zara.net/photos///2023/I/0/2/p/5669/155/070/2/w/448/5669155070_2_1_1.jpg?ts=1689757426667': 'Image 1 of PALM TREE PRINT SHIRT from Zara'}]","₹ 4,990.00",Relaxed fit shirt made of a fabric with geometric embroidery and print. Camp collar and short sleeves. Button-up front.
250,FLORAL PRINT SHIRT,https://www.zara.com/in/en/floral-print-shirt-p01034301.html,"[{'https://static.zara.net/photos///2023/I/0/2/p/1034/301/800/2/w/448/1034301800_1_1_1.jpg?ts=1692351179520': 'Image 0 of FLORAL PRINT SHIRT from Zara'}, {'https://static.zara.net/photos///2023/I/0/2/p/1034/301/800/2/w/448/1034301800_2_1_1.jpg?ts=1692351179265': 'Image 1 of FLORAL PRINT SHIRT from Zara'}]","₹ 3,290.00",Regular fit shirt made of a lightweight creased effect fabric. Camp collar and short sleeves. Split hem. Button-up front.
251,FLORAL PRINT SHIRT,https://www.zara.com/in/en/floral-print-shirt-p02599340.html,"[{'https://static.zara.net/photos///2023/I/0/2/p/2599/340/064/2/w/448/2599340064_1_1_1.jpg?ts=1692021899645': 'Image 0 of FLORAL PRINT SHIRT from Zara'}, {'https://static.zara.net/photos///2023/I/0/2/p/2599/340/064/2/w/448/2599340064_2_1_1.jpg?ts=1692021898435': 'Image 1 of FLORAL PRINT SHIRT from Zara'}]","₹ 3,290.00","Relaxed fit shirt with a camp collar, short sleeves and a button-up front."
254,CREASED-EFFECT SHIRT,https://www.zara.com/in/en/creased-effect-shirt-p06103400.html,"[{'https://static.zara.net/photos///2023/V/0/2/p/6103/400/403/2/w/448/6103400403_1_1_1.jpg?ts=1674550838363': 'Image 0 of CREASED-EFFECT SHIRT from Zara'}, {'https://static.zara.net/photos///2023/V/0/2/p/6103/400/403/2/w/448/6103400403_2_1_1.jpg?ts=1674550837841': 'Image 1 of CREASED-EFFECT SHIRT from Zara'}]","₹ 2,890.00",Relaxed fit shirt made of creased-effect cotton. Stand-up collar and long sleeves with buttoned cuffs. Button-up front.
259,COTTON - LINEN SHIRT,https://www.zara.com/in/en/cotton---linen-shirt-p01063302.html,"[{'https://static.zara.net/photos///2023/V/0/2/p/1063/202/700/2/w/448/1063202700_1_1_1.jpg?ts=1685461210229': 'Image 0 of COTTON - LINEN SHIRT from Zara'}, {'https://static.zara.net/photos///2023/V/0/2/p/1063/202/700/2/w/448/1063202700_2_1_1.jpg?ts=1685461208531': 'Image 1 of COTTON - LINEN SHIRT from Zara'}]","₹ 2,990.00",Relaxed fit shirt made of a linen blend. Stand-up collar and long sleeves with buttoned cuffs. Button-up front.
264,LYOCELL SHIRT WITH A STAND-UP COLLAR,https://www.zara.com/in/en/lyocell-shirt-with-a-stand-up-collar-p06103301.html,"[{'https://static.zara.net/photos///2023/I/0/2/p/6103/301/427/2/w/448/6103301427_1_1_1.jpg?ts=1688108947339': 'Image 0 of LYOCELL SHIRT WITH A STAND-UP COLLAR from Zara'}, {'https://static.zara.net/photos///2023/I/0/2/p/6103/301/427/2/w/448/6103301427_2_1_1.jpg?ts=1688108949387': 'Image 1 of LYOCELL SHIRT WITH A STAND-UP COLLAR from Zara'}]","₹ 2,990.00",Regular-fit shirt with a tab collar and long sleeves with buttoned cuffs. Button-up front.
266,SHIRT WITH CONTRAST COLLAR,https://www.zara.com/in/en/shirt-with-contrast-collar-p01063303.html,"[{'https://static.zara.net/photos///2023/V/0/2/p/1063/303/250/2/w/448/1063303250_1_1_1.jpg?ts=1674820911502': 'Image 0 of SHIRT WITH CONTRAST COLLAR from Zara'}, {'https://static.zara.net/photos///2023/V/0/2/p/1063/303/250/2/w/448/1063303250_2_1_1.jpg?ts=1674820911806': 'Image 1 of SHIRT WITH CONTRAST COLLAR from Zara'}]","₹ 2,990.00","Relaxed fit shirt made of a linen and cotton blend. Featuring a contrast stand-up collar, long sleeves with inner strap detail and a button-up front."
267,STAND-UP COLLAR SHIRT,https://www.zara.com/in/en/stand-up-collar-shirt-p01063460.html,"[{'https://static.zara.net/photos///2023/V/0/2/p/1063/460/250/2/w/448/1063460250_1_1_1.jpg?ts=1678267705449': 'Image 0 of STAND-UP COLLAR SHIRT from Zara'}, {'https://static.zara.net/photos///2023/V/0/2/p/1063/460/250/2/w/448/1063460250_2_1_1.jpg?ts=1678269052848': 'Image 1 of STAND-UP COLLAR SHIRT from Zara'}]","₹ 2,990.00","Regular fit shirt featuring a stand-up collar, a button-up front and long sleeves with buttoned cuffs."
274,COTTON - VISCOSE SHIRT,https://www.zara.com/in/en/cotton---viscose-shirt-p07545321.html,"[{'https://static.zara.net/photos///2023/I/0/2/p/7545/321/800/2/w/448/7545321800_1_1_1.jpg?ts=1691151338122': 'Image 0 of COTTON - VISCOSE SHIRT from Zara'}, {'https://static.zara.net/photos///2023/I/0/2/p/7545/321/800/2/w/448/7545321800_2_1_1.jpg?ts=1691151338377': 'Image 1 of COTTON - VISCOSE SHIRT from Zara'}]","₹ 3,290.00",Relaxed fit shirt made of a cotton and viscose blend. Stand-up collar and long sleeves with buttoned cuffs. Button-up front.
278,FLORAL PRINT SHIRT,https://www.zara.com/in/en/floral-print-shirt-p06085319.html,"[{'https://static.zara.net/photos///2023/I/0/2/p/6085/319/800/2/w/448/6085319800_1_1_1.jpg?ts=1691753368284': 'Image 0 of FLORAL PRINT SHIRT from Zara'}, {'https://static.zara.net/photos///2023/I/0/2/p/6085/319/800/2/w/448/6085319800_2_1_1.jpg?ts=1691753369046': 'Image 1 of FLORAL PRINT SHIRT from Zara'}]","₹ 3,290.00",Relaxed fit shirt. Camp collar and short sleeves. Contrast prints on the back. Hip patch pocket. Button-up front.
279,SHIRT WITH CONTRAST EMBROIDERY,https://www.zara.com/in/en/shirt-with-contrast-embroidery-p06085315.html,"[{'https://static.zara.net/photos///2023/I/0/2/p/6085/315/710/2/w/448/6085315710_1_1_1.jpg?ts=1688108947149': 'Image 0 of SHIRT WITH CONTRAST EMBROIDERY from Zara'}, {'https://static.zara.net/photos///2023/I/0/2/p/6085/315/710/2/w/448/6085315710_2_1_1.jpg?ts=1688108946894': 'Image 1 of SHIRT WITH CONTRAST EMBROIDERY from Zara'}]","₹ 3,290.00",Relaxed-fit shirt made of cotton. Camp collar and short sleeves. Embroidery and contrast print on the front and back. Button-up front.
281,SLOGAN PRINT SHIRT,https://www.zara.com/in/en/slogan-print-shirt-p06085318.html,"[{'https://static.zara.net/photos///2023/I/0/2/p/6085/318/807/2/w/448/6085318807_1_1_1.jpg?ts=1691739360464': 'Image 0 of SLOGAN PRINT SHIRT from Zara'}, {'https://static.zara.net/photos///2023/I/0/2/p/6085/318/807/2/w/448/6085318807_2_1_1.jpg?ts=1691739358775': 'Image 1 of SLOGAN PRINT SHIRT from Zara'}]","₹ 3,290.00","Relaxed-fit shirt made of cotton. Camp collar and short sleeves. Contrast prints on the front and back. Button-up front.The garment is unique thanks to its special washing process. For this reason, it may differ in colour from that of the photo.View more"
283,TEXTURED CROCHET SHIRT,https://www.zara.com/in/en/textured-crochet-shirt-p00775325.html,"[{'https://static.zara.net/photos///2023/I/0/2/p/0775/325/251/2/w/448/0775325251_1_1_1.jpg?ts=1691507788361': 'Image 0 of TEXTURED CROCHET SHIRT from Zara'}, {'https://static.zara.net/photos///2023/I/0/2/p/0775/325/251/2/w/448/0775325251_2_1_1.jpg?ts=1691574084470': 'Image 1 of TEXTURED CROCHET SHIRT from Zara'}]","₹ 3,990.00",Regular-fit shirt made of open textured fabric. Camp collar and short sleeves. Button-up front.
284,CROCHET POCKET SHIRT,https://www.zara.com/in/en/crochet-pocket-shirt-p03992501.html,"[{'https://static.zara.net/photos///2023/I/0/2/p/3992/501/712/2/w/448/3992501712_1_1_1.jpg?ts=1688110079955': 'Image 0 of CROCHET POCKET SHIRT from Zara'}, {'https://static.zara.net/photos///2023/I/0/2/p/3992/501/712/2/w/448/3992501712_2_1_1.jpg?ts=1688110079798': 'Image 1 of CROCHET POCKET SHIRT from Zara'}]","₹ 3,990.00",Relaxed-fit shirt made of a cotton and viscose blend. Spread collar and short sleeves. Matching crochet patch pocket. Button-up front.
286,EMBROIDERED SHIRT,https://www.zara.com/in/en/embroidered-shirt-p07200408.html,"[{'https://static.zara.net/photos///2023/I/0/1/p/7200/408/711/2/w/448/7200408711_1_1_1.jpg?ts=1687874231263': 'Image 0 of EMBROIDERED SHIRT from Zara'}, {'https://static.zara.net/photos///2023/I/0/2/p/7200/408/711/2/w/448/7200408711_2_1_1.jpg?ts=1687856105059': 'Image 1 of EMBROIDERED SHIRT from Zara'}]","₹ 3,290.00",Relaxed-fit shirt made of cotton. Camp collar and short sleeves. Contrast embroidery on the front. Button-up front.
288,STRIPED COTTON - LINEN SHIRT,https://www.zara.com/in/en/striped-cotton---linen-shirt-p02688305.html,"[{'https://static.zara.net/photos///2023/I/0/2/p/2688/305/400/2/w/448/2688305400_1_1_1.jpg?ts=1688542863076': 'Image 0 of STRIPED COTTON - LINEN SHIRT from Zara'}, {'https://static.zara.net/photos///2023/I/0/2/p/2688/305/400/2/w/448/2688305400_2_1_1.jpg?ts=1688542864842': 'Image 1 of STRIPED COTTON - LINEN SHIRT from Zara'}]","₹ 3,290.00",Regular-fit shirt made of a cotton and linen blend. Spread collar and short sleeves. Button-up front.
294,MESH TEXTURED SHIRT,https://www.zara.com/in/en/mesh-textured-shirt-p06085316.html,"[{'https://static.zara.net/photos///2023/I/0/2/p/6085/316/712/2/w/448/6085316712_1_1_1.jpg?ts=1691739360263': 'Image 0 of MESH TEXTURED SHIRT from Zara'}, {'https://static.zara.net/photos///2023/I/0/2/p/6085/316/712/2/w/448/6085316712_2_1_1.jpg?ts=1691739359031': 'Image 1 of MESH TEXTURED SHIRT from Zara'}]","₹ 3,290.00",Relaxed fit bowling shirt made of an open-knit fabric. Short sleeves. Contrast prints all over the garment. Button-up front.
297,TIE-DYE PRINT SHIRT,https://www.zara.com/in/en/tie-dye-print-shirt-p06085317.html,"[{'https://static.zara.net/photos///2023/I/0/2/p/6085/317/612/2/w/448/6085317612_6_1_1.jpg?ts=1691410965398': 'Image 0 of TIE-DYE PRINT SHIRT from Zara'}, {'https://static.zara.net/photos///2023/I/0/2/p/6085/317/612/2/w/448/6085317612_6_2_1.jpg?ts=1690355825901': 'Image 1 of TIE-DYE PRINT SHIRT from Zara'}]","₹ 3,290.00",Relaxed-fit shirt made of textured fabric. Camp collar and short sleeves. Button-up front.
299,MESH TEXTURED SHIRT,https://www.zara.com/in/en/mesh-textured-shirt-p06085309.html,"[{'https://static.zara.net/photos///2023/I/0/2/p/6085/309/707/2/w/448/6085309707_1_1_1.jpg?ts=1690962644808': 'Image 0 of MESH TEXTURED SHIRT from Zara'}, {'https://static.zara.net/photos///2023/I/0/2/p/6085/309/707/2/w/448/6085309707_2_1_1.jpg?ts=1690962651751': 'Image 1 of MESH TEXTURED SHIRT from Zara'}]","₹ 3,290.00",Relaxed fit shirt made of a mesh textured fabric. Camp collar and short sleeves. Button-up front.
301,COTTON - LINEN SHIRT,https://www.zara.com/in/en/cotton---linen-shirt-p01063307.html,"[{'https://static.zara.net/photos///2023/V/0/1/p/1063/307/052/2/w/448/1063307052_1_1_1.jpg?ts=1676369583211': 'Image 0 of COTTON - LINEN SHIRT from Zara'}, {'https://static.zara.net/photos///2023/V/0/2/p/1063/307/052/2/w/448/1063307052_2_1_1.jpg?ts=1673439822396': 'Image 1 of COTTON - LINEN SHIRT from Zara'}]","₹ 2,990.00",Relaxed-fit shirt made of a linen blend. Button-down collar. Long sleeves with buttoned cuffs. Chest patch pocket. Button-up front.
312,VERTICAL TEXTURED SHIRT,https://www.zara.com/in/en/vertical-textured-shirt-p02688311.html,"[{'https://static.zara.net/photos///2023/I/0/2/p/2688/311/064/2/w/0/2688311064_1_1_1.jpg?ts=1689926679303': 'Image 0 of VERTICAL TEXTURED SHIRT from Zara'}, {'https://static.zara.net/photos///2023/I/0/2/p/2688/311/064/2/w/448/2688311064_2_1_1.jpg?ts=1689926683192': 'Image 1 of VERTICAL TEXTURED SHIRT from Zara'}]","₹ 3,990.00","Regular fit shirt with a camp collar, short sleeves and a button-up front."
314,ABSTRACT PRINT KNIT SHIRT,https://www.zara.com/in/en/abstract-print-knit-shirt-p00077300.html,"[{'https://static.zara.net/photos///2023/I/0/2/p/0077/300/251/2/w/448/0077300251_1_1_1.jpg?ts=1689776788065': 'Image 0 of ABSTRACT PRINT KNIT SHIRT from Zara'}, {'https://static.zara.net/photos///2023/I/0/2/p/0077/300/251/2/w/448/0077300251_2_1_1.jpg?ts=1689776788384': 'Image 1 of ABSTRACT PRINT KNIT SHIRT from Zara'}]","₹ 3,290.00",Knit shirt with a camp collar and short sleeves. Button-up front.
321,CHECK-TEXTURED WEAVE SHIRT,https://www.zara.com/in/en/check-textured-weave-shirt-p06462500.html,"[{'https://static.zara.net/photos///2023/I/0/1/p/6462/500/400/12/w/448/6462500400_1_1_1.jpg?ts=1692779511973': 'Image 0 of CHECK-TEXTURED WEAVE SHIRT from Zara'}, {'https://static.zara.net/photos///2023/I/0/1/p/6462/500/400/12/w/448/6462500400_2_1_1.jpg?ts=1692779514153': 'Image 1 of CHECK-TEXTURED WEAVE SHIRT from Zara'}]","₹ 3,290.00",Relaxed-fit shirt made of a stretchy cotton blend. Spread collar and short sleeves. Button-up front.
326,GEOMETRIC PRINT SHIRT,https://www.zara.com/in/en/geometric-print-shirt-p00794303.html,"[{'https://static.zara.net/photos///2023/I/0/2/p/0794/303/086/2/w/448/0794303086_1_1_1.jpg?ts=1688110079737': 'Image 0 of GEOMETRIC PRINT SHIRT from Zara'}, {'https://static.zara.net/photos///2023/I/0/2/p/0794/303/086/2/w/448/0794303086_2_1_1.jpg?ts=1688110081845': 'Image 1 of GEOMETRIC PRINT SHIRT from Zara'}]","₹ 3,290.00",Shirt made of a viscose and cotton blend fabric. Camp collar and short sleeves. Button-up front.
327,EMBROIDERED FLORAL PRINT SHIRT,https://www.zara.com/in/en/embroidered-floral-print-shirt-p05668148.html,"[{'https://static.zara.net/photos///2023/I/0/2/p/5668/148/712/2/w/448/5668148712_1_1_1.jpg?ts=1688369857724': 'Image 0 of EMBROIDERED FLORAL PRINT SHIRT from Zara'}, {'https://static.zara.net/photos///2023/I/0/1/p/5668/148/712/2/w/448/5668148712_2_1_1.jpg?ts=1688552402955': 'Image 1 of EMBROIDERED FLORAL PRINT SHIRT from Zara'}]","₹ 4,990.00",Relaxed fit shirt made of cotton. Spread collar and short sleeves. Cutwork embroidery all over the garment. Button-up front.
331,CHECKED JACQUARD SHIRT,https://www.zara.com/in/en/checked-jacquard-shirt-p00775157.html,"[{'https://static.zara.net/photos///2023/I/0/1/p/0775/157/712/12/w/448/0775157712_1_1_1.jpg?ts=1689154742623': 'Image 0 of CHECKED JACQUARD SHIRT from Zara'}, {'https://static.zara.net/photos///2023/I/0/1/p/0775/157/712/12/w/448/0775157712_2_1_1.jpg?ts=1689154740174': 'Image 1 of CHECKED JACQUARD SHIRT from Zara'}]","₹ 3,990.00",Shirt made of a viscose and linen blend. Camp collar and short sleeves. Side vents at the hem. Button-up front.
333,SHIRT,https://www.zara.com/in/en/shirt-p04087360.html,"[{'https://static.zara.net/photos///2023/I/0/2/p/4087/360/700/2/w/448/4087360700_1_1_1.jpg?ts=1689148214465': 'Image 0 of SHIRT from Zara'}, {'https://static.zara.net/photos///2023/I/0/2/p/4087/360/700/2/w/448/4087360700_2_1_1.jpg?ts=1689154167178': 'Image 1 of SHIRT from Zara'}]","₹ 3,990.00",Relaxed fit collared shirt featuring long sleeves with buttoned cuffs and a button-up front.
334,EMBROIDERED JACQUARD SHIRT,https://www.zara.com/in/en/embroidered-jacquard-shirt-p00775116.html,"[{'https://static.zara.net/photos///2023/I/0/1/p/8062/303/406/32/w/449/8062303406_1_1_1.jpg?ts=1688035274264': 'Image 0 of EMBROIDERED JACQUARD SHIRT from Zara'}, {'https://static.zara.net/photos///2023/I/0/1/p/0775/116/250/2/w/448/0775116250_6_1_1.jpg?ts=1689154479285': 'Image 1 of EMBROIDERED JACQUARD SHIRT from Zara'}]","₹ 3,290.00",Shirt made of a viscose blend. Camp collar and short sleeves. Button-up front.
336,FLORAL PRINT TUNIC - LIMITED EDITION,https://www.zara.com/in/en/floral-print-tunic---limited-edition-p05718023.html,"[{'https://static.zara.net/photos///2023/I/0/2/p/5718/023/020/2/w/448/5718023020_1_1_1.jpg?ts=1688470614201': 'Image 0 of FLORAL PRINT TUNIC - LIMITED EDITION from Zara'}, {'https://static.zara.net/photos///2023/I/0/2/p/5718/023/020/2/w/448/5718023020_2_1_1.jpg?ts=1688470615092': 'Image 1 of FLORAL PRINT TUNIC - LIMITED EDITION from Zara'}]","₹ 10,990.00","Loose-fitting tunic made of lightweight ramie fabric. Featuring a round neck with front opening, short sleeves and side vents at the hem."
338,STRIPED JACQUARD SHIRT LIMITED EDITION,https://www.zara.com/in/en/striped-jacquard-shirt-limited-edition-p05717020.html,"[{'https://static.zara.net/photos///2023/I/0/2/p/5717/020/622/2/w/448/5717020622_1_1_1.jpg?ts=1688470613825': 'Image 0 of STRIPED JACQUARD SHIRT LIMITED EDITION from Zara'}, {'https://static.zara.net/photos///2023/I/0/2/p/5717/020/622/2/w/448/5717020622_2_1_1.jpg?ts=1688470614011': 'Image 1 of STRIPED JACQUARD SHIRT LIMITED EDITION from Zara'}]","₹ 7,590.00",Relaxed fit shirt made of semi-sheer linen blend fabric. Collar with adjustable drawstring strap and front opening. Short sleeves. Chest patch pocket. Asymmetric hem with side vents.
339,PAISLEY PRINT SHIRT - LIMITED EDITION,https://www.zara.com/in/en/paisley-print-shirt---limited-edition-p05716039.html,"[{'https://static.zara.net/photos///2023/I/0/2/p/5716/039/020/2/w/448/5716039020_1_1_1.jpg?ts=1688470614241': 'Image 0 of PAISLEY PRINT SHIRT - LIMITED EDITION from Zara'}, {'https://static.zara.net/photos///2023/I/0/2/p/5716/039/020/2/w/448/5716039020_2_1_1.jpg?ts=1688470615335': 'Image 1 of PAISLEY PRINT SHIRT - LIMITED EDITION from Zara'}]","₹ 7,590.00",Cropped-length shirt made of ramie fabric. Featuring a camp collar and short turn-up sleeves. Chest patch pocket and a button-up front. Made of a viscose blend.
340,PATCHWORK SHIRT - LIMITED EDITION,https://www.zara.com/in/en/patchwork-shirt---limited-edition-p05719037.html,"[{'https://static.zara.net/photos///2023/I/0/2/p/5719/037/020/2/w/448/5719037020_1_1_1.jpg?ts=1688470613752': 'Image 0 of PATCHWORK SHIRT - LIMITED EDITION from Zara'}, {'https://static.zara.net/photos///2023/I/0/2/p/5719/037/020/2/w/448/5719037020_2_1_1.jpg?ts=1688470615616': 'Image 1 of PATCHWORK SHIRT - LIMITED EDITION from Zara'}]","₹ 7,590.00",Relaxed fit shirt in ramie fabric. Camp collar and short sleeves. Asymmetric split hem. Button-up front.
341,LIMITED EDITION FLORAL PRINT SHIRT,https://www.zara.com/in/en/limited-edition-floral-print-shirt-p05721038.html,"[{'https://static.zara.net/photos///2023/I/0/1/p/5721/038/020/2/w/448/5721038020_1_1_1.jpg?ts=1688477458218': 'Image 0 of LIMITED EDITION FLORAL PRINT SHIRT from Zara'}, {'https://static.zara.net/photos///2023/I/0/2/p/5721/038/020/2/w/448/5721038020_2_1_1.jpg?ts=1688470615847': 'Image 1 of LIMITED EDITION FLORAL PRINT SHIRT from Zara'}]","₹ 7,590.00",Cropped-length shirt made of cotton and linen blend fabric. Camp collar and short sleeves. Chest patch pocket. Split hem. Button-up front.
342,CROSSOVER SHIRT - LIMITED EDITION,https://www.zara.com/in/en/crossover-shirt---limited-edition-p05714022.html,"[{'https://static.zara.net/photos///2023/I/0/2/p/5714/022/401/2/w/448/5714022401_1_1_1.jpg?ts=1688463998040': 'Image 0 of CROSSOVER SHIRT - LIMITED EDITION from Zara'}, {'https://static.zara.net/photos///2023/I/0/2/p/5714/022/401/2/w/448/5714022401_2_1_1.jpg?ts=1688470613305': 'Image 1 of CROSSOVER SHIRT - LIMITED EDITION from Zara'}]","₹ 7,590.00",Relaxed-fit shirt made of ramie. Collar and long sleeves with buttoned cuffs. Tied fastening at the front.
343,VISCOSE - LINEN TUNIC - LIMITED EDITION,https://www.zara.com/in/en/viscose---linen-tunic---limited-edition-p05722026.html,"[{'https://static.zara.net/photos///2023/I/0/2/p/5722/026/982/2/w/448/5722026982_1_1_1.jpg?ts=1688477947823': 'Image 0 of VISCOSE - LINEN TUNIC - LIMITED EDITION from Zara'}, {'https://static.zara.net/photos///2023/I/0/2/p/5722/026/982/2/w/448/5722026982_2_1_1.jpg?ts=1688477947823': 'Image 1 of VISCOSE - LINEN TUNIC - LIMITED EDITION from Zara'}]","₹ 10,990.00",Flowing tunic made of a compact viscose and linen blend. Lapel collar and long sleeves with buttoned cuffs. Side vents at the hem. Button-up front.
344,RAMIE SHIRT - LIMITED EDITION,https://www.zara.com/in/en/ramie-shirt---limited-edition-p05720022.html,"[{'https://static.zara.net/photos///2023/I/0/2/p/5720/022/676/2/w/448/5720022676_1_1_1.jpg?ts=1688477939035': 'Image 0 of RAMIE SHIRT - LIMITED EDITION from Zara'}, {'https://static.zara.net/photos///2023/I/0/2/p/5720/022/676/2/w/448/5720022676_2_1_1.jpg?ts=1688477939049': 'Image 1 of RAMIE SHIRT - LIMITED EDITION from Zara'}]","₹ 5,990.00",Sleeveless oversized shirt made of ramie. Lapel collar with front opening.
348,COTTON - LINEN TEXTURED SHIRT,https://www.zara.com/in/en/cotton---linen-textured-shirt-p06048039.html,"[{'https://static.zara.net/photos///2023/I/0/2/p/6048/039/401/2/w/448/6048039401_1_1_1.jpg?ts=1690962644545': 'Image 0 of COTTON - LINEN TEXTURED SHIRT from Zara'}, {'https://static.zara.net/photos///2023/I/0/2/p/6048/039/401/2/w/448/6048039401_2_1_1.jpg?ts=1690962647534': 'Image 1 of COTTON - LINEN TEXTURED SHIRT from Zara'}]","₹ 3,290.00",Relaxed fit collared shirt made of a cotton and linen blend fabric. Long sleeves with buttoned cuffs. Chest patch pocket. Button-up front.
353,COTTON SHIRT WITH POCKET,https://www.zara.com/in/en/cotton-shirt-with-pocket-p05747407.html,"[{'https://static.zara.net/photos///2023/I/0/2/p/5747/407/300/2/w/448/5747407300_1_1_1.jpg?ts=1690360445888': 'Image 0 of COTTON SHIRT WITH POCKET from Zara'}, {'https://static.zara.net/photos///2023/I/0/2/p/5747/407/300/2/w/448/5747407300_2_1_1.jpg?ts=1690360447458': 'Image 1 of COTTON SHIRT WITH POCKET from Zara'}]","₹ 3,290.00",Relaxed fit collared shirt made of cotton. Long sleeves with buttoned cuffs. Chest patch pocket. Split hem. Button-up front.
355,STRIPED POPLIN SHIRT,https://www.zara.com/in/en/striped-poplin-shirt-p03992334.html,"[{'https://static.zara.net/photos///2023/I/0/2/p/3992/334/403/2/w/448/3992334403_1_1_1.jpg?ts=1691415872924': 'Image 0 of STRIPED POPLIN SHIRT from Zara'}, {'https://static.zara.net/photos///2023/I/0/2/p/3992/334/403/2/w/448/3992334403_2_1_1.jpg?ts=1691415872764': 'Image 1 of STRIPED POPLIN SHIRT from Zara'}]","₹ 4,990.00",Relaxed-fit shirt. Camp collar and long sleeves. Chest patch pocket. Contrast trims. Button-up front.
356,STRIPED EMBROIDERED SHIRT,https://www.zara.com/in/en/striped-embroidered-shirt-p07545388.html,"[{'https://static.zara.net/photos///2023/I/0/2/p/7545/388/104/2/w/448/7545388104_1_1_1.jpg?ts=1691146185337': 'Image 0 of STRIPED EMBROIDERED SHIRT from Zara'}, {'https://static.zara.net/photos///2023/I/0/2/p/7545/388/104/2/w/448/7545388104_2_1_1.jpg?ts=1691146186192': 'Image 1 of STRIPED EMBROIDERED SHIRT from Zara'}]","₹ 4,990.00",Collared relaxed fit shirt. Long sleeves with buttoned cuffs. Chest patch pocket with contrast embroidery detail. Button-up front.
357,SHIRT WITH CONTRAST EMBROIDERY,https://www.zara.com/in/en/shirt-with-contrast-embroidery-p00881314.html,"[{'https://static.zara.net/photos///2023/I/0/2/p/0881/314/250/2/w/448/0881314250_1_1_1.jpg?ts=1691415872698': 'Image 0 of SHIRT WITH CONTRAST EMBROIDERY from Zara'}, {'https://static.zara.net/photos///2023/I/0/2/p/0881/314/250/2/w/448/0881314250_2_1_1.jpg?ts=1691415873805': 'Image 1 of SHIRT WITH CONTRAST EMBROIDERY from Zara'}]","₹ 4,990.00",Relaxed-fit shirt made of cotton. Collar and short sleeves. Chest patch pocket. Contrast embroidery on the front and back. Button-up front.
358,TEXTURED SHIRT,https://www.zara.com/in/en/textured-shirt-p03090510.html,"[{'https://static.zara.net/photos///2023/I/0/2/p/3090/510/800/2/w/448/3090510800_1_1_1.jpg?ts=1688652389929': 'Image 0 of TEXTURED SHIRT from Zara'}, {'https://static.zara.net/photos///2023/I/0/2/p/3090/510/800/2/w/448/3090510800_2_1_1.jpg?ts=1688652389532': 'Image 1 of TEXTURED SHIRT from Zara'}]","₹ 2,990.00",Regular-fit shirt in textured fabric. Camp collar and short sleeves. Split hem. Button-up front.
363,MERCERISED COMFORT SHIRT,https://www.zara.com/in/en/mercerised-comfort-shirt-p05999328.html,"[{'https://static.zara.net/photos///2023/I/0/2/p/5999/328/506/2/w/448/5999328506_1_1_1.jpg?ts=1690361342301': 'Image 0 of MERCERISED COMFORT SHIRT from Zara'}, {'https://static.zara.net/photos///2023/I/0/2/p/5999/328/506/2/w/448/5999328506_2_1_1.jpg?ts=1690361343160': 'Image 1 of MERCERISED COMFORT SHIRT from Zara'}]","₹ 3,290.00",Shirt made of a fabric with a mercerised finish. Spread collar and short sleeves. Button-up front.
365,STRETCH SHIRT,https://www.zara.com/in/en/stretch-shirt-p07545316.html,"[{'https://static.zara.net/photos///2023/I/0/1/p/7545/316/800/2/w/448/7545316800_1_1_1.jpg?ts=1688399752080': 'Image 0 of STRETCH SHIRT from Zara'}, {'https://static.zara.net/photos///2023/I/0/1/p/7545/316/800/2/w/448/7545316800_2_1_1.jpg?ts=1688399746755': 'Image 1 of STRETCH SHIRT from Zara'}]","₹ 2,990.00","Slim-fit shirt made of highly stretchy, crease-resistant fabric. Lapel collar and short sleeves. Button-up front."
367,100% LINEN SHIRT,https://www.zara.com/in/en/100-linen-shirt-p05650262.html,"[{'https://static.zara.net/photos///2023/I/0/1/p/5650/262/620/4/w/448/5650262620_1_1_1.jpg?ts=1687345146625': 'Image 0 of 100% LINEN SHIRT from Zara'}, {'https://static.zara.net/photos///2023/I/0/1/p/5650/262/620/4/w/448/5650262620_2_1_1.jpg?ts=1687345145708': 'Image 1 of 100% LINEN SHIRT from Zara'}]","₹ 3,290.00",Relaxed-fit shirt made of linen fabric. Collar and short sleeves. Chest patch pocket. Side vents at the hem. Button-up front.
368,100% LINEN SHIRT,https://www.zara.com/in/en/100-linen-shirt-p08574362.html,"[{'https://static.zara.net/photos///2023/I/0/1/p/8574/362/420/5/w/448/8574362420_1_1_1.jpg?ts=1688640264535': 'Image 0 of 100% LINEN SHIRT from Zara'}, {'https://static.zara.net/photos///2023/I/0/1/p/8574/362/420/5/w/448/8574362420_2_1_1.jpg?ts=1688640256633': 'Image 1 of 100% LINEN SHIRT from Zara'}]","₹ 3,290.00",Relaxed fit shirt made of a linen. Camp collar and short sleeves. Patch pockets with flaps on the chest. Split hem. Button-up front.
369,100% LINEN SHIRT,https://www.zara.com/in/en/100-linen-shirt-p08574447.html,"[{'https://static.zara.net/photos///2023/V/0/2/p/8574/447/800/3/w/448/8574447800_1_1_1.jpg?ts=1678983455540': 'Image 0 of 100% LINEN SHIRT from Zara'}, {'https://static.zara.net/photos///2023/V/0/2/p/8574/447/800/3/w/448/8574447800_2_1_1.jpg?ts=1678983448633': 'Image 1 of 100% LINEN SHIRT from Zara'}]","₹ 3,290.00",Shirt made of a linen fabric. Camp collar and short sleeves. Patch pockets with flaps on the chest. Button-up front.
372,100% LINEN SHIRT,https://www.zara.com/in/en/100-linen-shirt-p01437460.html,"[{'https://static.zara.net/photos///2023/I/0/2/p/1437/460/615/2/w/448/1437460615_1_1_1.jpg?ts=1689923266631': 'Image 0 of 100% LINEN SHIRT from Zara'}, {'https://static.zara.net/photos///2023/I/0/2/p/1437/460/615/2/w/448/1437460615_2_1_1.jpg?ts=1689923266838': 'Image 1 of 100% LINEN SHIRT from Zara'}]","₹ 4,990.00",Relaxed fit shirt made of a linen. Camp collar and short sleeves. Patch pocket with a flap on the chest. Split hem. Button-up front.
374,100% LINEN SHIRT,https://www.zara.com/in/en/100-linen-shirt-p08211320.html,[],"₹ 3,990.00",Relaxed fit collared shirt made of linen fabric. Long sleeves with buttoned cuffs. Patch pocket on the chest. Button-up front.
377,BOXY FIT SHIRT,https://www.zara.com/in/en/boxy-fit-shirt-p09621503.html,"[{'https://static.zara.net/photos///2023/I/0/2/p/9621/503/800/2/w/448/9621503800_1_1_1.jpg?ts=1689926681961': 'Image 0 of BOXY FIT SHIRT from Zara'}, {'https://static.zara.net/photos///2023/I/0/2/p/9621/503/800/2/w/448/9621503800_2_1_1.jpg?ts=1689926676888': 'Image 1 of BOXY FIT SHIRT from Zara'}]","₹ 3,290.00",Boxy fit shirt. Spread collar and short sleeves. Chest patch pocket. Asymmetric hem with side vents. Button-up front hidden by a placket.
383,STRIPED JACQUARD SHIRT,https://www.zara.com/in/en/striped-jacquard-shirt-p07545482.html,"[{'https://static.zara.net/photos///2023/I/0/2/p/7545/482/712/2/w/448/7545482712_1_1_1.jpg?ts=1687856105427': 'Image 0 of STRIPED JACQUARD SHIRT from Zara'}, {'https://static.zara.net/photos///2023/I/0/2/p/7545/482/712/2/w/448/7545482712_2_1_1.jpg?ts=1687856107216': 'Image 1 of STRIPED JACQUARD SHIRT from Zara'}]","₹ 3,990.00",Regular-fit shirt made of cotton fabric. Camp collar and short sleeves. Chest patch pocket. Side vents at the hem. Button-up front.
384,STRIPED SHIRT,https://www.zara.com/in/en/striped-shirt-p05646109.html,"[{'https://static.zara.net/photos///2023/I/0/2/p/5646/109/069/2/w/448/5646109069_1_1_1.jpg?ts=1688116612218': 'Image 0 of STRIPED SHIRT from Zara'}, {'https://static.zara.net/photos///2023/I/0/2/p/5646/109/069/2/w/448/5646109069_2_1_1.jpg?ts=1688116614244': 'Image 1 of STRIPED SHIRT from Zara'}]","₹ 3,290.00",Relaxed-fit shirt made of a cotton and lyocell blend. Camp collar and short sleeves. Hem with side vents. Button-up front.
390,TOPSTITCHED DENIM SHIRT,https://www.zara.com/in/en/topstitched-denim-shirt-p06085370.html,"[{'https://static.zara.net/photos///2023/I/0/2/p/6085/370/406/2/w/448/6085370406_1_1_1.jpg?ts=1691571521471': 'Image 0 of TOPSTITCHED DENIM SHIRT from Zara'}, {'https://static.zara.net/photos///2023/I/0/2/p/6085/370/406/2/w/448/6085370406_2_1_1.jpg?ts=1691571521299': 'Image 1 of TOPSTITCHED DENIM SHIRT from Zara'}]","₹ 4,990.00",Relaxed fit collared shirt made of cotton fabric. Long sleeves with buttoned cuffs. Chest patch pockets with flaps. Snap-button fastening on the front.
392,DENIM SHIRT WITH CONTRAST TOPSTITCHING,https://www.zara.com/in/en/denim-shirt-with-contrast-topstitching-p06186302.html,"[{'https://static.zara.net/photos///2023/I/0/2/p/6186/302/400/2/w/448/6186302400_1_1_1.jpg?ts=1688552338997': 'Image 0 of DENIM SHIRT WITH CONTRAST TOPSTITCHING from Zara'}, {'https://static.zara.net/photos///2023/I/0/2/p/6186/302/400/2/w/448/6186302400_2_1_1.jpg?ts=1688552340586': 'Image 1 of DENIM SHIRT WITH CONTRAST TOPSTITCHING from Zara'}]","₹ 3,990.00",Short sleeve relaxed fit shirt with a lapel collar. Chest patch pocket. Contrast topstitching all over the garment. Button-up front.
397,STRIPED COTTON - LINEN SHIRT,https://www.zara.com/in/en/striped-cotton---linen-shirt-p01063056.html,"[{'https://static.zara.net/photos///2023/I/0/2/p/1063/056/712/2/w/448/1063056712_1_1_1.jpg?ts=1686233132950': 'Image 0 of STRIPED COTTON - LINEN SHIRT from Zara'}, {'https://static.zara.net/photos///2023/I/0/2/p/1063/056/712/2/w/448/1063056712_2_1_1.jpg?ts=1686233133621': 'Image 1 of STRIPED COTTON - LINEN SHIRT from Zara'}]","₹ 3,290.00",Shirt made of cotton and linen blend fabric. Camp collar and short sleeves. Chest patch pocket. Split hem. Button-up front.
403,FADED SHIRT WITH SEAMS,https://www.zara.com/in/en/faded-shirt-with-seams-p01063321.html,"[{'https://static.zara.net/photos///2023/I/0/2/p/1063/321/802/2/w/448/1063321802_1_1_1.jpg?ts=1692359829398': 'Image 0 of FADED SHIRT WITH SEAMS from Zara'}, {'https://static.zara.net/photos///2023/I/0/2/p/1063/321/802/2/w/448/1063321802_2_1_1.jpg?ts=1692359832172': 'Image 1 of FADED SHIRT WITH SEAMS from Zara'}]","₹ 3,290.00",Relaxed fit faded-effect shirt made of cotton. Camp collar and short sleeves. Chest patch pocket. Button-up front.
410,ELASTIC SHIRT WITH STRIPED PRINT,https://www.zara.com/in/en/elastic-shirt-with-striped-print-p07545526.html,"[{'https://static.zara.net/photos///2023/I/0/2/p/7545/526/104/2/w/448/7545526104_1_1_1.jpg?ts=1687866114140': 'Image 0 of ELASTIC SHIRT WITH STRIPED PRINT from Zara'}, {'https://static.zara.net/photos///2023/I/0/2/p/7545/526/104/2/w/448/7545526104_2_1_1.jpg?ts=1687866113850': 'Image 1 of ELASTIC SHIRT WITH STRIPED PRINT from Zara'}]","₹ 3,290.00","Regular-fit shirt made of highly stretchy, crease-resistant fabric. Lapel collar and short sleeves. Button-up front."
412,TEXTURED CROCHET SHIRT,https://www.zara.com/in/en/textured-crochet-shirt-p00775108.html,"[{'https://static.zara.net/photos///2023/I/0/2/p/0775/108/251/2/w/448/0775108251_1_1_1.jpg?ts=1688369855405': 'Image 0 of TEXTURED CROCHET SHIRT from Zara'}, {'https://static.zara.net/photos///2023/I/0/2/p/0775/108/251/2/w/448/0775108251_2_1_1.jpg?ts=1688369854802': 'Image 1 of TEXTURED CROCHET SHIRT from Zara'}]","₹ 3,990.00",Relaxed fit shirt made of openwork fabric. Camp collar and short sleeves. Chest patch pocket. Button-up front.
416,POPLIN SHIRT,https://www.zara.com/in/en/poplin-shirt-p06311639.html,"[{'https://static.zara.net/photos///2023/I/0/2/p/6311/656/250/2/w/448/6311656250_1_1_1.jpg?ts=1691072085926': 'Image 0 of POPLIN SHIRT from Zara'}, {'https://static.zara.net/photos///2023/I/0/2/p/6311/656/250/2/w/448/6311656250_2_1_1.jpg?ts=1691072085399': 'Image 1 of POPLIN SHIRT from Zara'}]","₹ 3,290.00",Boxy-fit shirt made of cotton poplin. Spread collar. Short sleeves. Button-up front.
422,STRIPED VISCOSE SHIRT,https://www.zara.com/in/en/striped-viscose-shirt-p05641410.html,"[{'https://static.zara.net/photos///2023/I/0/2/p/5641/410/800/2/w/448/5641410800_1_1_1.jpg?ts=1687518229004': 'Image 0 of STRIPED VISCOSE SHIRT from Zara'}, {'https://static.zara.net/photos///2023/I/0/2/p/5641/410/800/2/w/448/5641410800_2_1_1.jpg?ts=1687518229103': 'Image 1 of STRIPED VISCOSE SHIRT from Zara'}]","₹ 3,290.00",Relaxed fit shirt made of viscose fabric. Lapel collar and short sleeves. Button-up front.
424,COMFORT OVERSHIRT WITH POCKETS,https://www.zara.com/in/en/comfort-overshirt-with-pockets-p07484300.html,"[{'https://static.zara.net/photos///2023/I/0/1/p/7484/300/800/12/w/448/7484300800_1_1_1.jpg?ts=1693231709125': 'Image 0 of COMFORT OVERSHIRT WITH POCKETS from Zara'}, {'https://static.zara.net/photos///2023/I/0/1/p/7484/300/800/12/w/448/7484300800_2_1_1.jpg?ts=1693231710721': 'Image 1 of COMFORT OVERSHIRT WITH POCKETS from Zara'}]","₹ 3,290.00","Relaxed fit overshirt made of stretchy fabric. Featuring a spread collar, short sleeves, chest patch pockets and front snap-button fastening."
432,FADED TEXTURED COTTON SHIRT,https://www.zara.com/in/en/faded-textured-cotton-shirt-p06917310.html,"[{'https://static.zara.net/photos///2023/I/0/1/p/6917/310/744/2/w/448/6917310744_1_1_1.jpg?ts=1691146658280': 'Image 0 of FADED TEXTURED COTTON SHIRT from Zara'}, {'https://static.zara.net/photos///2023/I/0/1/p/6917/310/744/2/w/448/6917310744_2_1_1.jpg?ts=1691146662944': 'Image 1 of FADED TEXTURED COTTON SHIRT from Zara'}]","₹ 3,290.00",Relaxed fit collared shirt made of a textured cotton fabric. Short sleeves. Chest patch pockets. Faded effect. Hem with side vents. Button-up front.
434,SHIRT WITH CONTRASTING TOPSTITCHING,https://www.zara.com/in/en/shirt-with-contrasting-topstitching-p02795309.html,"[{'https://static.zara.net/photos///2023/I/0/2/p/2795/309/712/2/w/448/2795309712_1_1_1.jpg?ts=1689087949980': 'Image 0 of SHIRT WITH CONTRASTING TOPSTITCHING from Zara'}, {'https://static.zara.net/photos///2023/I/0/2/p/2795/309/712/2/w/448/2795309712_2_1_1.jpg?ts=1689087951513': 'Image 1 of SHIRT WITH CONTRASTING TOPSTITCHING from Zara'}]","₹ 3,290.00",Relaxed fit bowling shirt with short sleeves. Contrast topstitching. Button-up front.
436,MODAL BLEND SHIRT,https://www.zara.com/in/en/modal-blend-shirt-p00775324.html,"[{'https://static.zara.net/photos///2023/I/0/2/p/0775/324/251/2/w/448/0775324251_1_1_1.jpg?ts=1691142188713': 'Image 0 of MODAL BLEND SHIRT from Zara'}, {'https://static.zara.net/photos///2023/I/0/2/p/0775/324/251/2/w/448/0775324251_2_1_1.jpg?ts=1691142188902': 'Image 1 of MODAL BLEND SHIRT from Zara'}]","₹ 3,290.00",Relaxed-fit shirt made of a modal blend. Spread collar and short sleeves. Button-up front.
441,LINEN - COTTON BLEND SHIRT,https://www.zara.com/in/en/linen---cotton-blend-shirt-p03992500.html,"[{'https://static.zara.net/photos///2023/I/0/2/p/3992/500/251/2/w/448/3992500251_1_1_1.jpg?ts=1691507789011': 'Image 0 of LINEN - COTTON BLEND SHIRT from Zara'}, {'https://static.zara.net/photos///2023/I/0/2/p/3992/500/251/2/w/448/3992500251_2_1_1.jpg?ts=1691507789231': 'Image 1 of LINEN - COTTON BLEND SHIRT from Zara'}]","₹ 3,290.00","Relaxed fit shirt made of a cotton and linen blend. Featuring a camp collar, short sleeves, and contrast embroidery on the hem. Button-up front."
442,POPLIN SHIRT WITH POCKET,https://www.zara.com/in/en/poplin-shirt-with-pocket-p05589560.html,"[{'https://static.zara.net/photos///2023/I/0/2/p/5589/560/806/2/w/448/5589560806_1_1_1.jpg?ts=1691507788608': 'Image 0 of POPLIN SHIRT WITH POCKET from Zara'}, {'https://static.zara.net/photos///2023/I/0/2/p/5589/560/806/2/w/448/5589560806_2_1_1.jpg?ts=1691507789210': 'Image 1 of POPLIN SHIRT WITH POCKET from Zara'}]","₹ 3,990.00",Relaxed-fit shirt made of cotton poplin. Spread collar and short sleeves. Chest patch pocket. Button-up front.
444,STRIPED SEERSUCKER SHIRT,https://www.zara.com/in/en/striped-seersucker-shirt-p07380306.html,"[{'https://static.zara.net/photos///2023/V/0/2/p/7380/306/104/2/w/448/7380306104_1_1_1.jpg?ts=1678897615006': 'Image 0 of STRIPED SEERSUCKER SHIRT from Zara'}, {'https://static.zara.net/photos///2023/V/0/2/p/7380/306/104/2/w/448/7380306104_2_1_1.jpg?ts=1678897613560': 'Image 1 of STRIPED SEERSUCKER SHIRT from Zara'}]","₹ 3,290.00","Regular fit shirt with a spread collar, short sleeves, side vents at the hem and a button-up front."
449,STRIPED COTTON SHIRT,https://www.zara.com/in/en/striped-cotton-shirt-p00975420.html,"[{'https://static.zara.net/photos///2023/I/0/2/p/0975/420/628/2/w/448/0975420628_1_1_1.jpg?ts=1690530116094': 'Image 0 of STRIPED COTTON SHIRT from Zara'}, {'https://static.zara.net/photos///2023/I/0/2/p/0975/420/628/2/w/448/0975420628_2_1_1.jpg?ts=1690530150108': 'Image 1 of STRIPED COTTON SHIRT from Zara'}]","₹ 3,290.00",Relaxed fit collared shirt made of cotton. Long sleeves with buttoned cuffs. Chest patch pocket. Button-up front.
450,COTTON SHIRT WITH POCKETS,https://www.zara.com/in/en/cotton-shirt-with-pockets-p02599330.html,"[{'https://static.zara.net/photos///2023/I/0/2/p/2599/330/505/2/w/448/2599330505_1_1_1.jpg?ts=1691588401132': 'Image 0 of COTTON SHIRT WITH POCKETS from Zara'}, {'https://static.zara.net/photos///2023/I/0/2/p/2599/330/505/2/w/448/2599330505_2_1_1.jpg?ts=1691588401208': 'Image 1 of COTTON SHIRT WITH POCKETS from Zara'}]","₹ 4,990.00",Relaxed fit collared shirt made of cotton. Long sleeves with adjustable cuffs. Chest patch pockets. Front snap-button fastening hidden by a placket.
451,COTTON POPLIN SHIRT,https://www.zara.com/in/en/cotton-poplin-shirt-p01063316.html,"[{'https://static.zara.net/photos///2023/I/0/2/p/1063/316/505/2/w/448/1063316505_2_1_1.jpg?ts=1691138486421': 'Image 0 of COTTON POPLIN SHIRT from Zara'}, {'https://static.zara.net/photos///2023/I/0/2/p/1063/316/505/2/w/448/1063316505_2_4_1.jpg?ts=1691138569688': 'Image 1 of COTTON POPLIN SHIRT from Zara'}]","₹ 3,290.00",Regular fit collared shirt made of cotton poplin. Long sleeves with buttoned cuffs. Chest patch pocket. Button-up front.
454,LYOCELL - COTTON SHIRT,https://www.zara.com/in/en/lyocell---cotton-shirt-p07545757.html,"[{'https://static.zara.net/photos///2023/I/0/2/p/7545/757/711/2/w/448/7545757711_6_1_1.jpg?ts=1691508331118': 'Image 0 of LYOCELL - COTTON SHIRT from Zara'}, {'https://static.zara.net/photos///2023/I/0/2/p/7545/757/711/2/w/448/7545757711_6_2_1.jpg?ts=1691508330828': 'Image 1 of LYOCELL - COTTON SHIRT from Zara'}]","₹ 3,290.00","Regular-fit shirt made of a lyocell and cotton blend. Featuring a camp collar, short sleeves, chest patch pocket and front button fastening."
458,LIMITED EDITION TECHNICAL SHIRT,https://www.zara.com/in/en/limited-edition-technical-shirt-p04391300.html,"[{'https://static.zara.net/photos///2023/I/0/2/p/4391/300/515/2/w/448/4391300515_1_1_1.jpg?ts=1689327628240': 'Image 0 of LIMITED EDITION TECHNICAL SHIRT from Zara'}, {'https://static.zara.net/photos///2023/I/0/2/p/4391/300/515/2/w/448/4391300515_2_1_1.jpg?ts=1689327630148': 'Image 1 of LIMITED EDITION TECHNICAL SHIRT from Zara'}]","₹ 4,990.00",Cropped collared shirt made of technical satin fabric. Long sleeves with buttoned cuffs. Patch pockets with flaps on the chest. Button-up front.
459,WAXED DENIM OVERSHIRT - LIMITED EDITION,https://www.zara.com/in/en/waxed-denim-overshirt---limited-edition-p05520302.html,"[{'https://static.zara.net/photos///2023/I/0/2/p/5520/302/400/32/w/448/5520302400_1_1_1.jpg?ts=1692187656412': 'Image 0 of WAXED DENIM OVERSHIRT - LIMITED EDITION from Zara'}, {'https://static.zara.net/photos///2023/I/0/2/p/5520/302/400/2/w/448/5520302400_6_1_1.jpg?ts=1689923719812': 'Image 1 of WAXED DENIM OVERSHIRT - LIMITED EDITION from Zara'}]","₹ 5,990.00",Relaxed fit overshirt made of faded denim with a slightly waxed finish. Lapel collar and long sleeves and buttoned cuffs. Button-up front.
460,OVERSIZE FIT SHIRT - LIMITED EDITION,https://www.zara.com/in/en/oversize-fit-shirt---limited-edition-p05819179.html,"[{'https://static.zara.net/photos///2023/I/0/2/p/5819/179/403/2/w/448/5819179403_1_1_1.jpg?ts=1689332809986': 'Image 0 of OVERSIZE FIT SHIRT - LIMITED EDITION from Zara'}, {'https://static.zara.net/photos///2023/I/0/2/p/5819/179/403/2/w/448/5819179403_2_1_1.jpg?ts=1689332812756': 'Image 1 of OVERSIZE FIT SHIRT - LIMITED EDITION from Zara'}]","₹ 3,990.00",Oversize fit shirt made of cotton. Spread collar and long sleeves with buttoned cuffs. Pleat details on the back. Button-up front hidden by a placket.
461,BOXY FIT SHIRT - LIMITED EDITION,https://www.zara.com/in/en/boxy-fit-shirt---limited-edition-p05820497.html,"[{'https://static.zara.net/photos///2023/I/0/2/p/5820/497/401/2/w/448/5820497401_1_1_1.jpg?ts=1689332813707': 'Image 0 of BOXY FIT SHIRT - LIMITED EDITION from Zara'}, {'https://static.zara.net/photos///2023/I/0/2/p/5820/497/401/2/w/448/5820497401_2_1_1.jpg?ts=1689332813627': 'Image 1 of BOXY FIT SHIRT - LIMITED EDITION from Zara'}]","₹ 3,290.00",Boxy fit shirt made of cotton. Spread collar and short sleeves. Side vents at the hem. Button-up front hidden by a placket.
463,RIPSTOP OVERSHIRT - LIMITED EDITION,https://www.zara.com/in/en/ripstop-overshirt---limited-edition-p08281321.html,"[{'https://static.zara.net/photos///2023/I/0/2/p/8281/321/500/2/w/448/8281321500_1_1_1.jpg?ts=1689327629158': 'Image 0 of RIPSTOP OVERSHIRT - LIMITED EDITION from Zara'}, {'https://static.zara.net/photos///2023/I/0/2/p/8281/321/500/2/w/448/8281321500_2_1_1.jpg?ts=1689327634745': 'Image 1 of RIPSTOP OVERSHIRT - LIMITED EDITION from Zara'}]","₹ 5,990.00",Regular fit overshirt made of textured ripstop fabric that is resistant to tearing. Lapel collar and long sleeves with buttoned cuffs. Button-up front.
464,OVERSIZE FIT OVERSHIRT - LIMITED EDITION,https://www.zara.com/in/en/oversize-fit-overshirt---limited-edition-p05822251.html,"[{'https://static.zara.net/photos///2023/I/0/2/p/5822/251/401/2/w/448/5822251401_1_1_1.jpg?ts=1689327630462': 'Image 0 of OVERSIZE FIT OVERSHIRT - LIMITED EDITION from Zara'}, {'https://static.zara.net/photos///2023/I/0/2/p/5822/251/401/2/w/448/5822251401_2_1_1.jpg?ts=1689327630759': 'Image 1 of OVERSIZE FIT OVERSHIRT - LIMITED EDITION from Zara'}]","₹ 4,990.00",Oversize fit overshirt. Spread collar and long sleeves with buttoned cuffs. Pleat details on the back. Button-up front hidden by a placket.
465,RELAXED FIT SHIRT - LIMITED EDITION,https://www.zara.com/in/en/relaxed-fit-shirt---limited-edition-p08281322.html,"[{'https://static.zara.net/photos///2023/I/0/2/p/8281/322/615/2/w/448/8281322615_1_1_1.jpg?ts=1689327634008': 'Image 0 of RELAXED FIT SHIRT - LIMITED EDITION from Zara'}, {'https://static.zara.net/photos///2023/I/0/2/p/8281/322/615/2/w/448/8281322615_2_1_1.jpg?ts=1689327637094': 'Image 1 of RELAXED FIT SHIRT - LIMITED EDITION from Zara'}]","₹ 4,990.00",Relaxed-fit collared shirt featuring long sleeves with buttoned cuffs. Chest patch pockets and a button-up front.
472,STRIPED SHIRT,https://www.zara.com/in/en/striped-shirt-p05681350.html,"[{'https://static.zara.net/photos///2023/I/0/2/p/5681/350/104/202/w/448/5681350104_6_1_1.jpg?ts=1691419119283': 'Image 0 of STRIPED SHIRT from Zara'}, {'https://static.zara.net/photos///2023/I/0/2/p/5681/350/104/202/w/448/5681350104_6_2_1.jpg?ts=1690371928335': 'Image 1 of STRIPED SHIRT from Zara'}]","₹ 4,990.00",Regular fit shirt made of a cotton fabric. Spread collar and long sleeves with buttoned cuffs. Button-up front.Origins special collection.
473,COTTON POPLIN SHIRT,https://www.zara.com/in/en/cotton-poplin-shirt-p07545519.html,"[{'https://static.zara.net/photos///2023/I/0/1/p/7545/519/250/202/w/489/7545519250_1_1_1.jpg?ts=1688628727349': 'Image 0 of COTTON POPLIN SHIRT from Zara'}, {'https://static.zara.net/photos///2023/I/0/1/p/7545/519/250/202/w/489/7545519250_2_1_1.jpg?ts=1688628728452': 'Image 1 of COTTON POPLIN SHIRT from Zara'}]","₹ 4,990.00",Regular-fit shirt made of a lightweight cotton poplin fabric. Spread collar and long sleeves with buttoned cuffs. Button-up front.Origins special collection.View more
475,CHAMBRAY SHIRT,https://www.zara.com/in/en/chambray-shirt-p07545518.html,"[{'https://static.zara.net/photos///2023/I/0/1/p/7545/518/403/3/w/489/7545518403_1_1_1.jpg?ts=1688574055257': 'Image 0 of CHAMBRAY SHIRT from Zara'}, {'https://static.zara.net/photos///2023/I/0/1/p/7545/518/403/3/w/489/7545518403_2_1_1.jpg?ts=1688574061908': 'Image 1 of CHAMBRAY SHIRT from Zara'}]","₹ 5,990.00",Regular-fit spread collar shirt made of cotton. Long sleeves with buttoned cuffs. Chest patch pocket. Faded effect. Button-up front.Origins special collection.View more
477,CREASED-EFFECT SHIRT,https://www.zara.com/in/en/creased-effect-shirt-p06103300.html,"[{'https://static.zara.net/photos///2023/V/0/2/p/6103/320/250/2/w/448/6103320250_1_1_1.jpg?ts=1683043555483': 'Image 0 of CREASED-EFFECT SHIRT from Zara'}, {'https://static.zara.net/photos///2023/V/0/2/p/6103/320/250/2/w/448/6103320250_2_1_1.jpg?ts=1683112186919': 'Image 1 of CREASED-EFFECT SHIRT from Zara'}]","₹ 2,990.00",Relaxed fit shirt made of cotton fabric. Camp collar and short sleeves. Chest patch pocket. Button-up front.
482,CREASED-EFFECT SHIRT,https://www.zara.com/in/en/creased-effect-shirt-p06103480.html,"[{'https://static.zara.net/photos///2023/V/0/2/p/6103/480/800/2/w/448/6103480800_1_1_1.jpg?ts=1679654173740': 'Image 0 of CREASED-EFFECT SHIRT from Zara'}, {'https://static.zara.net/photos///2023/V/0/2/p/6103/480/800/2/w/448/6103480800_2_1_1.jpg?ts=1679654175936': 'Image 1 of CREASED-EFFECT SHIRT from Zara'}]","₹ 2,990.00",Relaxed fit shirt made of cotton fabric. Stand collar. Long sleeves. Button-up front.
